battle_id,player_won
0,False
1,False
2,False
3,True
4,True
5,True
6,True
7,True
8,True
9,True
10,False
11,True
12,False
13,False
14,True
15,True
16,False
17,False
18,True
19,True
20,False
21,True
22,True
23,False
24,True
25,True
26,False
27,True
28,False
29,False
30,True
31,False
32,False
33,True
34,False
35,True
36,False
37,False
38,False
39,False
40,False
41,True
42,False
43,True
44,True
45,True
46,False
47,True
48,False
49,False
50,True
51,False
52,True
53,False
54,False
55,False
56,True
57,True
58,False
59,True
60,False
61,False
62,True
63,False
64,False
65,False
66,False
67,True
68,True
69,True
70,False
71,False
72,True
73,True
74,True
75,True
76,True
77,False
78,True
79,True
80,True
81,False
82,True
83,False
84,True
85,False
86,False
87,False
88,False
89,True
90,False
91,True
92,True
93,True
94,True
95,True
96,True
97,True
98,False
99,False
100,True
101,True
102,False
103,True
104,False
105,False
106,True
107,True
108,False
109,True
110,False
111,True
112,False
113,True
114,True
115,True
116,True
117,True
118,True
119,False
120,True
121,False
122,True
123,True
124,False
125,True
126,False
127,False
128,True
129,True
130,True
131,True
132,False
133,False
134,False
135,True
136,False
137,True
138,True
139,True
140,True
141,False
142,True
143,True
144,True
145,True
146,True
147,True
148,True
149,True
150,False
151,True
152,True
153,True
154,True
155,True
156,True
157,False
158,True
159,True
160,True
161,True
162,False
163,False
164,True
165,True
166,True
167,True
168,False
169,True
170,True
171,True
172,True
173,True
174,True
175,True
176,True
177,False
178,True
179,False
180,True
181,True
182,True
183,False
184,True
185,True
186,True
187,True
188,True
189,True
190,True
191,True
192,True
193,True
194,False
195,True
196,True
197,True
198,False
199,True
200,True
201,False
202,True
203,True
204,True
205,False
206,True
207,False
208,False
209,True
210,False
211,False
212,True
213,True
214,True
215,True
216,False
217,False
218,True
219,False
220,True
221,True
222,True
223,False
224,True
225,False
226,True
227,True
228,False
229,False
230,False
231,False
232,True
233,True
234,False
235,False
236,False
237,False
238,False
239,True
240,True
241,False
242,True
243,True
244,True
245,True
246,True
247,True
248,False
249,False
250,False
251,True
252,True
253,False
254,True
255,False
256,True
257,False
258,True
259,False
260,True
261,True
262,True
263,True
264,True
265,False
266,True
267,True
268,True
269,False
270,True
271,True
272,True
273,True
274,False
275,True
276,True
277,False
278,True
279,True
280,False
281,True
282,True
283,True
284,True
285,False
286,True
287,True
288,True
289,False
290,True
291,True
292,True
293,True
294,True
295,True
296,True
297,False
298,False
299,True
300,False
301,False
302,True
303,True
304,False
305,True
306,True
307,True
308,True
309,True
310,True
311,True
312,False
313,True
314,False
315,True
316,True
317,True
318,False
319,True
320,True
321,True
322,True
323,True
324,True
325,True
326,False
327,False
328,False
329,True
330,True
331,False
332,True
333,True
334,True
335,True
336,True
337,True
338,True
339,True
340,False
341,True
342,False
343,False
344,True
345,False
346,True
347,True
348,False
349,False
350,True
351,True
352,False
353,True
354,True
355,True
356,True
357,False
358,True
359,False
360,True
361,True
362,False
363,False
364,True
365,True
366,True
367,True
368,True
369,False
370,True
371,False
372,True
373,True
374,False
375,True
376,True
377,True
378,True
379,True
380,False
381,True
382,True
383,True
384,False
385,False
386,False
387,False
388,True
389,True
390,True
391,True
392,True
393,False
394,True
395,True
396,False
397,True
398,True
399,True
400,True
401,False
402,True
403,True
404,True
405,True
406,True
407,True
408,False
409,True
410,True
411,False
412,True
413,False
414,True
415,False
416,False
417,True
418,True
419,True
420,True
421,True
422,True
423,False
424,True
425,True
426,False
427,True
428,False
429,True
430,False
431,True
432,False
433,False
434,True
435,False
436,False
437,True
438,False
439,True
440,False
441,True
442,False
443,True
444,True
445,False
446,True
447,False
448,True
449,True
450,True
451,False
452,True
453,True
454,False
455,True
456,False
457,False
458,False
459,False
460,True
461,True
462,True
463,False
464,False
465,False
466,False
467,True
468,True
469,False
470,True
471,True
472,True
473,True
474,True
475,False
476,True
477,True
478,True
479,False
480,True
481,False
482,True
483,True
484,True
485,False
486,True
487,True
488,True
489,True
490,True
491,False
492,True
493,False
494,True
495,True
496,True
497,False
498,True
499,False
500,False
501,True
502,True
503,False
504,True
505,True
506,True
507,True
508,False
509,False
510,True
511,False
512,True
513,False
514,False
515,True
516,True
517,False
518,True
519,False
520,True
521,True
522,True
523,False
524,True
525,True
526,True
527,True
528,False
529,True
530,True
531,False
532,True
533,True
534,True
535,True
536,True
537,True
538,True
539,True
540,True
541,True
542,False
543,True
544,False
545,True
546,True
547,True
548,False
549,False
550,True
551,False
552,False
553,True
554,False
555,False
556,True
557,True
558,True
559,False
560,True
561,True
562,True
563,False
564,False
565,False
566,False
567,True
568,False
569,False
570,True
571,True
572,False
573,True
574,True
575,True
576,True
577,False
578,False
579,True
580,True
581,False
582,True
583,True
584,True
585,True
586,True
587,True
588,True
589,True
590,True
591,True
592,True
593,True
594,True
595,True
596,True
597,True
598,False
599,True
600,False
601,True
602,True
603,True
604,True
605,True
606,True
607,True
608,True
609,False
610,True
611,True
612,True
613,False
614,True
615,True
616,False
617,False
618,True
619,True
620,False
621,True
622,False
623,True
624,False
625,True
626,True
627,False
628,False
629,True
630,True
631,False
632,True
633,True
634,False
635,True
636,False
637,True
638,True
639,True
640,True
641,False
642,True
643,True
644,True
645,True
646,False
647,True
648,True
649,True
650,True
651,False
652,True
653,True
654,False
655,True
656,False
657,False
658,True
659,False
660,True
661,True
662,False
663,False
664,True
665,True
666,True
667,False
668,False
669,True
670,True
671,False
672,False
673,True
674,False
675,True
676,True
677,False
678,False
679,True
680,True
681,True
682,False
683,True
684,True
685,True
686,False
687,True
688,True
689,True
690,True
691,True
692,False
693,True
694,False
695,True
696,False
697,True
698,True
699,True
700,True
701,True
702,False
703,True
704,True
705,True
706,True
707,True
708,True
709,True
710,True
711,True
712,False
713,True
714,True
715,True
716,True
717,True
718,True
719,True
720,True
721,True
722,True
723,False
724,True
725,True
726,True
727,True
728,True
729,True
730,True
731,True
732,False
733,True
734,False
735,True
736,False
737,False
738,False
739,False
740,True
741,True
742,True
743,True
744,True
745,False
746,True
747,False
748,True
749,True
750,True
751,True
752,True
753,True
754,False
755,False
756,True
757,False
758,False
759,True
760,False
761,True
762,True
763,True
764,True
765,True
766,True
767,False
768,True
769,True
770,True
771,True
772,True
773,False
774,True
775,False
776,False
777,True
778,False
779,True
780,True
781,True
782,True
783,True
784,True
785,False
786,True
787,True
788,True
789,False
790,True
791,True
792,False
793,True
794,True
795,True
796,False
797,False
798,False
799,True
800,False
801,True
802,True
803,True
804,True
805,False
806,False
807,False
808,True
809,True
810,True
811,False
812,True
813,False
814,True
815,True
816,True
817,True
818,True
819,True
820,False
821,True
822,False
823,False
824,True
825,False
826,True
827,True
828,True
829,True
830,False
831,False
832,False
833,False
834,True
835,True
836,True
837,False
838,False
839,False
840,True
841,False
842,False
843,True
844,False
845,True
846,True
847,False
848,True
849,False
850,True
851,False
852,True
853,True
854,False
855,False
856,True
857,False
858,True
859,False
860,True
861,True
862,True
863,False
864,True
865,False
866,True
867,False
868,True
869,False
870,True
871,True
872,False
873,True
874,True
875,True
876,True
877,False
878,True
879,True
880,True
881,True
882,False
883,True
884,True
885,False
886,False
887,False
888,True
889,False
890,True
891,True
892,False
893,False
894,True
895,True
896,True
897,True
898,True
899,True
900,True
901,True
902,True
903,False
904,True
905,True
906,False
907,False
908,True
909,True
910,False
911,True
912,True
913,False
914,True
915,True
916,False
917,True
918,True
919,True
920,False
921,True
922,True
923,False
924,True
925,True
926,True
927,True
928,False
929,False
930,True
931,False
932,True
933,True
934,True
935,True
936,False
937,True
938,True
939,True
940,True
941,True
942,True
943,True
944,True
945,True
946,True
947,True
948,True
949,False
950,True
951,False
952,True
953,True
954,True
955,True
956,False
957,True
958,False
959,True
960,True
961,True
962,True
963,True
964,True
965,False
966,True
967,True
968,False
969,False
970,False
971,False
972,True
973,False
974,False
975,False
976,True
977,False
978,True
979,True
980,True
981,False
982,False
983,True
984,True
985,True
986,True
987,True
988,True
989,True
990,False
991,False
992,True
993,False
994,False
995,False
996,True
997,True
998,True
999,True
1000,True
1001,True
1002,True
1003,False
1004,False
1005,False
1006,False
1007,True
1008,False
1009,True
1010,True
1011,True
1012,True
1013,True
1014,True
1015,True
1016,True
1017,True
1018,True
1019,True
1020,True
1021,False
1022,True
1023,True
1024,True
1025,True
1026,True
1027,True
1028,True
1029,True
1030,True
1031,False
1032,False
1033,False
1034,False
1035,True
1036,True
1037,False
1038,False
1039,True
1040,True
1041,False
1042,True
1043,True
1044,True
1045,True
1046,False
1047,False
1048,False
1049,False
1050,False
1051,True
1052,False
1053,True
1054,False
1055,False
1056,True
1057,True
1058,False
1059,False
1060,False
1061,False
1062,True
1063,True
1064,True
1065,True
1066,True
1067,True
1068,True
1069,False
1070,True
1071,True
1072,True
1073,True
1074,True
1075,False
1076,False
1077,True
1078,False
1079,False
1080,True
1081,True
1082,True
1083,True
1084,True
1085,True
1086,True
1087,False
1088,False
1089,True
1090,True
1091,False
1092,True
1093,False
1094,True
1095,True
1096,False
1097,True
1098,False
1099,True
1100,True
1101,False
1102,True
1103,True
1104,False
1105,False
1106,True
1107,True
1108,False
1109,True
1110,False
1111,True
1112,True
1113,True
1114,False
1115,True
1116,True
1117,True
1118,True
1119,True
1120,True
1121,False
1122,True
1123,True
1124,True
1125,False
1126,False
1127,True
1128,False
1129,True
1130,False
1131,False
1132,False
1133,False
1134,True
1135,True
1136,True
1137,True
1138,False
1139,True
1140,True
1141,True
1142,True
1143,False
1144,False
1145,True
1146,False
1147,False
1148,True
1149,True
1150,True
1151,False
1152,True
1153,True
1154,True
1155,True
1156,False
1157,False
1158,True
1159,False
1160,False
1161,True
1162,False
1163,True
1164,True
1165,True
1166,True
1167,True
1168,False
1169,True
1170,True
1171,True
1172,False
1173,True
1174,True
1175,False
1176,True
1177,True
1178,True
1179,True
1180,True
1181,True
1182,True
1183,True
1184,False
1185,True
1186,False
1187,False
1188,True
1189,False
1190,True
1191,True
1192,True
1193,False
1194,True
1195,True
1196,True
1197,False
1198,True
1199,True
1200,False
1201,True
1202,False
1203,True
1204,True
1205,True
1206,True
1207,True
1208,True
1209,False
1210,True
1211,True
1212,True
1213,True
1214,True
1215,False
1216,True
1217,False
1218,True
1219,True
1220,True
1221,True
1222,True
1223,False
1224,True
1225,False
1226,False
1227,True
1228,True
1229,False
1230,True
1231,True
1232,False
1233,False
1234,False
1235,False
1236,True
1237,True
1238,True
1239,True
1240,False
1241,False
1242,True
1243,True
1244,True
1245,True
1246,True
1247,True
1248,True
1249,True
1250,False
1251,False
1252,True
1253,True
1254,True
1255,True
1256,True
1257,True
1258,True
1259,False
1260,False
1261,True
1262,False
1263,True
1264,True
1265,True
1266,True
1267,True
1268,False
1269,True
1270,True
1271,False
1272,True
1273,True
1274,False
1275,True
1276,True
1277,True
1278,False
1279,True
1280,True
1281,True
1282,True
1283,True
1284,False
1285,True
1286,False
1287,True
1288,True
1289,True
1290,True
1291,False
1292,True
1293,True
1294,True
1295,True
1296,False
1297,False
1298,True
1299,True
1300,True
1301,True
1302,False
1303,True
1304,True
1305,False
1306,False
1307,True
1308,True
1309,True
1310,True
1311,True
1312,False
1313,True
1314,True
1315,False
1316,True
1317,True
1318,True
1319,False
1320,True
1321,False
1322,False
1323,False
1324,True
1325,True
1326,True
1327,True
1328,True
1329,True
1330,True
1331,True
1332,True
1333,True
1334,True
1335,False
1336,False
1337,True
1338,True
1339,True
1340,True
1341,True
1342,False
1343,True
1344,False
1345,True
1346,True
1347,False
1348,False
1349,False
1350,True
1351,False
1352,False
1353,False
1354,True
1355,True
1356,True
1357,True
1358,True
1359,False
1360,False
1361,True
1362,True
1363,False
1364,True
1365,False
1366,True
1367,True
1368,True
1369,False
1370,True
1371,True
1372,True
1373,False
1374,False
1375,False
1376,False
1377,False
1378,True
1379,False
1380,False
1381,False
1382,True
1383,True
1384,True
1385,True
1386,True
1387,False
1388,True
1389,False
1390,True
1391,False
1392,False
1393,True
1394,True
1395,True
1396,False
1397,False
1398,True
1399,False
1400,True
1401,True
1402,True
1403,True
1404,True
1405,True
1406,True
1407,False
1408,False
1409,True
1410,False
1411,True
1412,True
1413,True
1414,True
1415,True
1416,False
1417,False
1418,True
1419,True
1420,False
1421,False
1422,True
1423,False
1424,True
1425,False
1426,True
1427,True
1428,True
1429,True
1430,True
1431,True
1432,True
1433,False
1434,True
1435,True
1436,True
1437,True
1438,True
1439,True
1440,True
1441,True
1442,False
1443,True
1444,True
1445,True
1446,True
1447,False
1448,False
1449,True
1450,False
1451,True
1452,True
1453,True
1454,True
1455,False
1456,True
1457,True
1458,True
1459,True
1460,True
1461,False
1462,True
1463,True
1464,True
1465,True
1466,True
1467,False
1468,True
1469,True
1470,True
1471,True
1472,True
1473,False
1474,True
1475,True
1476,True
1477,True
1478,True
1479,True
1480,True
1481,True
1482,True
1483,True
1484,True
1485,True
1486,True
1487,True
1488,True
1489,True
1490,True
1491,True
1492,True
1493,False
1494,False
1495,True
1496,True
1497,True
1498,True
1499,True
1500,False
1501,False
1502,False
1503,True
1504,True
1505,False
1506,True
1507,False
1508,True
1509,False
1510,True
1511,False
1512,True
1513,True
1514,False
1515,False
1516,False
1517,True
1518,True
1519,True
1520,True
1521,False
1522,True
1523,True
1524,True
1525,True
1526,True
1527,True
1528,True
1529,False
1530,True
1531,True
1532,False
1533,True
1534,False
1535,True
1536,True
1537,False
1538,True
1539,True
1540,True
1541,True
1542,False
1543,True
1544,True
1545,True
1546,False
1547,True
1548,True
1549,True
1550,False
1551,False
1552,False
1553,False
1554,True
1555,False
1556,False
1557,False
1558,True
1559,False
1560,True
1561,True
1562,False
1563,True
1564,True
1565,True
1566,False
1567,True
1568,True
1569,False
1570,True
1571,False
1572,True
1573,True
1574,True
1575,True
1576,True
1577,True
1578,True
1579,True
1580,False
1581,True
1582,True
1583,True
1584,False
1585,False
1586,False
1587,False
1588,True
1589,True
1590,False
1591,True
1592,False
1593,True
1594,True
1595,True
1596,False
1597,True
1598,False
1599,True
1600,True
1601,True
1602,True
1603,True
1604,True
1605,False
1606,True
1607,True
1608,False
1609,False
1610,True
1611,True
1612,True
1613,False
1614,False
1615,True
1616,True
1617,True
1618,False
1619,False
1620,False
1621,False
1622,True
1623,True
1624,False
1625,False
1626,True
1627,True
1628,True
1629,True
1630,False
1631,True
1632,False
1633,True
1634,False
1635,True
1636,False
1637,True
1638,True
1639,True
1640,True
1641,True
1642,True
1643,True
1644,False
1645,True
1646,True
1647,True
1648,False
1649,True
1650,True
1651,False
1652,True
1653,True
1654,False
1655,True
1656,False
1657,True
1658,False
1659,False
1660,True
1661,True
1662,True
1663,False
1664,True
1665,True
1666,True
1667,True
1668,True
1669,True
1670,False
1671,False
1672,True
1673,True
1674,True
1675,True
1676,True
1677,True
1678,False
1679,True
1680,True
1681,False
1682,True
1683,False
1684,True
1685,True
1686,True
1687,True
1688,False
1689,True
1690,False
1691,False
1692,True
1693,False
1694,True
1695,False
1696,True
1697,True
1698,False
1699,False
1700,True
1701,True
1702,False
1703,False
1704,True
1705,True
1706,True
1707,False
1708,True
1709,False
1710,True
1711,False
1712,True
1713,False
1714,False
1715,False
1716,True
1717,True
1718,False
1719,True
1720,True
1721,True
1722,True
1723,True
1724,False
1725,True
1726,True
1727,True
1728,True
1729,False
1730,True
1731,False
1732,True
1733,True
1734,True
1735,False
1736,True
1737,True
1738,True
1739,False
1740,True
1741,True
1742,False
1743,True
1744,True
1745,True
1746,True
1747,False
1748,True
1749,False
1750,True
1751,True
1752,True
1753,True
1754,True
1755,False
1756,True
1757,False
1758,True
1759,True
1760,False
1761,True
1762,True
1763,False
1764,True
1765,False
1766,False
1767,True
1768,True
1769,True
1770,True
1771,True
1772,True
1773,True
1774,True
1775,True
1776,False
1777,True
1778,False
1779,True
1780,True
1781,True
1782,True
1783,True
1784,True
1785,True
1786,True
1787,True
1788,False
1789,False
1790,False
1791,False
1792,False
1793,False
1794,True
1795,True
1796,True
1797,True
1798,False
1799,False
1800,False
1801,False
1802,True
1803,True
1804,True
1805,False
1806,True
1807,True
1808,True
1809,True
1810,True
1811,True
1812,True
1813,False
1814,False
1815,False
1816,True
1817,True
1818,True
1819,False
1820,True
1821,False
1822,True
1823,True
1824,False
1825,True
1826,True
1827,False
1828,True
1829,False
1830,True
1831,True
1832,False
1833,False
1834,True
1835,False
1836,True
1837,True
1838,True
1839,False
1840,True
1841,False
1842,True
1843,True
1844,True
1845,False
1846,False
1847,False
1848,True
1849,True
1850,True
1851,True
1852,False
1853,True
1854,True
1855,True
1856,True
1857,True
1858,True
1859,False
1860,True
1861,True
1862,True
1863,True
1864,True
1865,True
1866,True
1867,False
1868,True
1869,True
1870,False
1871,True
1872,False
1873,False
1874,True
1875,True
1876,False
1877,True
1878,True
1879,False
1880,True
1881,True
1882,True
1883,True
1884,False
1885,False
1886,True
1887,True
1888,True
1889,False
1890,True
1891,True
1892,True
1893,False
1894,False
1895,True
1896,False
1897,False
1898,True
1899,False
1900,True
1901,True
1902,False
1903,True
1904,True
1905,True
1906,True
1907,True
1908,False
1909,True
1910,True
1911,True
1912,False
1913,False
1914,True
1915,True
1916,True
1917,True
1918,True
1919,True
1920,True
1921,False
1922,True
1923,True
1924,False
1925,True
1926,True
1927,True
1928,True
1929,True
1930,False
1931,True
1932,True
1933,True
1934,True
1935,False
1936,True
1937,False
1938,True
1939,True
1940,False
1941,True
1942,False
1943,True
1944,True
1945,True
1946,False
1947,True
1948,True
1949,True
1950,True
1951,True
1952,True
1953,True
1954,True
1955,True
1956,True
1957,False
1958,False
1959,False
1960,True
1961,True
1962,True
1963,True
1964,True
1965,False
1966,True
1967,True
1968,False
1969,True
1970,True
1971,True
1972,True
1973,False
1974,False
1975,False
1976,False
1977,True
1978,True
1979,True
1980,True
1981,True
1982,True
1983,True
1984,False
1985,False
1986,True
1987,True
1988,True
1989,True
1990,False
1991,True
1992,True
1993,True
1994,False
1995,True
1996,True
1997,True
1998,False
1999,True
2000,True
2001,True
2002,False
2003,False
2004,True
2005,False
2006,True
2007,True
2008,False
2009,False
2010,True
2011,True
2012,False
2013,False
2014,False
2015,False
2016,True
2017,True
2018,True
2019,True
2020,True
2021,True
2022,True
2023,True
2024,True
2025,True
2026,False
2027,False
2028,True
2029,False
2030,True
2031,True
2032,True
2033,False
2034,True
2035,False
2036,True
2037,True
2038,True
2039,False
2040,False
2041,True
2042,True
2043,True
2044,False
2045,True
2046,False
2047,True
2048,False
2049,False
2050,False
2051,True
2052,False
2053,False
2054,False
2055,True
2056,True
2057,False
2058,True
2059,True
2060,False
2061,False
2062,True
2063,False
2064,False
2065,True
2066,False
2067,True
2068,False
2069,False
2070,False
2071,False
2072,True
2073,False
2074,True
2075,False
2076,False
2077,True
2078,True
2079,True
2080,True
2081,True
2082,True
2083,True
2084,False
2085,False
2086,False
2087,False
2088,False
2089,True
2090,False
2091,True
2092,True
2093,False
2094,True
2095,True
2096,True
2097,False
2098,False
2099,True
2100,True
2101,True
2102,True
2103,False
2104,True
2105,True
2106,True
2107,True
2108,False
2109,True
2110,True
2111,True
2112,False
2113,False
2114,True
2115,False
2116,False
2117,False
2118,False
2119,True
2120,False
2121,True
2122,False
2123,False
2124,True
2125,True
2126,False
2127,False
2128,False
2129,False
2130,True
2131,True
2132,True
2133,False
2134,True
2135,True
2136,True
2137,False
2138,True
2139,False
2140,True
2141,False
2142,True
2143,True
2144,True
2145,True
2146,True
2147,True
2148,True
2149,False
2150,False
2151,True
2152,True
2153,True
2154,False
2155,True
2156,True
2157,True
2158,True
2159,True
2160,True
2161,True
2162,False
2163,False
2164,False
2165,True
2166,False
2167,True
2168,False
2169,True
2170,True
2171,False
2172,False
2173,True
2174,True
2175,True
2176,True
2177,False
2178,True
2179,True
2180,True
2181,True
2182,True
2183,True
2184,True
2185,False
2186,False
2187,True
2188,False
2189,True
2190,True
2191,False
2192,False
2193,True
2194,False
2195,True
2196,False
2197,True
2198,True
2199,True
2200,True
2201,True
2202,True
2203,True
2204,False
2205,False
2206,True
2207,False
2208,True
2209,True
2210,True
2211,True
2212,True
2213,True
2214,True
2215,False
2216,False
2217,False
2218,False
2219,True
2220,True
2221,True
2222,False
2223,False
2224,False
2225,True
2226,True
2227,False
2228,False
2229,True
2230,False
2231,False
2232,True
2233,True
2234,False
2235,True
2236,True
2237,True
2238,True
2239,True
2240,False
2241,True
2242,True
2243,True
2244,True
2245,False
2246,False
2247,True
2248,True
2249,False
2250,False
2251,True
2252,True
2253,False
2254,False
2255,True
2256,True
2257,False
2258,True
2259,True
2260,False
2261,True
2262,False
2263,True
2264,True
2265,True
2266,False
2267,False
2268,False
2269,True
2270,True
2271,False
2272,True
2273,True
2274,True
2275,True
2276,True
2277,True
2278,False
2279,False
2280,False
2281,True
2282,True
2283,False
2284,True
2285,True
2286,True
2287,False
2288,False
2289,True
2290,False
2291,False
2292,True
2293,False
2294,False
2295,True
2296,True
2297,False
2298,False
2299,False
2300,True
2301,False
2302,True
2303,True
2304,False
2305,False
2306,False
2307,False
2308,True
2309,True
2310,True
2311,True
2312,True
2313,True
2314,True
2315,False
2316,False
2317,False
2318,False
2319,True
2320,True
2321,False
2322,False
2323,True
2324,True
2325,False
2326,True
2327,False
2328,False
2329,False
2330,True
2331,True
2332,True
2333,False
2334,True
2335,False
2336,True
2337,True
2338,True
2339,True
2340,True
2341,True
2342,True
2343,True
2344,False
2345,True
2346,True
2347,False
2348,True
2349,True
2350,True
2351,True
2352,True
2353,True
2354,True
2355,True
2356,False
2357,True
2358,True
2359,False
2360,True
2361,True
2362,True
2363,False
2364,False
2365,True
2366,False
2367,False
2368,True
2369,True
2370,True
2371,True
2372,True
2373,True
2374,True
2375,False
2376,False
2377,False
2378,False
2379,False
2380,False
2381,True
2382,False
2383,True
2384,False
2385,True
2386,True
2387,True
2388,True
2389,True
2390,True
2391,False
2392,True
2393,True
2394,False
2395,False
2396,True
2397,True
2398,True
2399,True
2400,False
2401,True
2402,False
2403,True
2404,False
2405,True
2406,True
2407,True
2408,False
2409,True
2410,True
2411,True
2412,True
2413,True
2414,True
2415,True
2416,True
2417,False
2418,False
2419,True
2420,True
2421,True
2422,False
2423,False
2424,True
2425,False
2426,False
2427,True
2428,False
2429,True
2430,True
2431,False
2432,True
2433,False
2434,True
2435,True
2436,True
2437,False
2438,True
2439,True
2440,False
2441,True
2442,False
2443,False
2444,False
2445,True
2446,True
2447,True
2448,True
2449,True
2450,False
2451,True
2452,True
2453,True
2454,False
2455,True
2456,True
2457,True
2458,False
2459,False
2460,False
2461,True
2462,True
2463,True
2464,True
2465,True
2466,False
2467,True
2468,False
2469,False
2470,True
2471,True
2472,True
2473,True
2474,False
2475,False
2476,False
2477,True
2478,True
2479,True
2480,True
2481,True
2482,False
2483,True
2484,True
2485,False
2486,True
2487,True
2488,False
2489,False
2490,False
2491,False
2492,True
2493,False
2494,True
2495,False
2496,True
2497,True
2498,True
2499,True
2500,False
2501,False
2502,True
2503,False
2504,False
2505,False
2506,False
2507,False
2508,False
2509,True
2510,False
2511,False
2512,False
2513,False
2514,False
2515,False
2516,True
2517,False
2518,False
2519,True
2520,False
2521,False
2522,True
2523,False
2524,True
2525,False
2526,False
2527,True
2528,False
2529,True
2530,True
2531,True
2532,True
2533,False
2534,False
2535,False
2536,False
2537,True
2538,False
2539,False
2540,False
2541,False
2542,True
2543,False
2544,False
2545,False
2546,True
2547,True
2548,True
2549,False
2550,True
2551,True
2552,True
2553,False
2554,True
2555,True
2556,True
2557,True
2558,False
2559,False
2560,True
2561,True
2562,True
2563,False
2564,False
2565,True
2566,False
2567,True
2568,False
2569,True
2570,False
2571,True
2572,False
2573,True
2574,False
2575,True
2576,True
2577,True
2578,True
2579,False
2580,False
2581,True
2582,False
2583,False
2584,False
2585,True
2586,False
2587,False
2588,True
2589,True
2590,True
2591,True
2592,True
2593,True
2594,True
2595,True
2596,True
2597,True
2598,True
2599,True
2600,False
2601,False
2602,True
2603,True
2604,False
2605,False
2606,True
2607,False
2608,True
2609,False
2610,False
2611,False
2612,False
2613,True
2614,False
2615,True
2616,True
2617,False
2618,False
2619,False
2620,False
2621,True
2622,True
2623,False
2624,True
2625,True
2626,False
2627,False
2628,False
2629,False
2630,False
2631,False
2632,True
2633,False
2634,True
2635,False
2636,False
2637,True
2638,True
2639,True
2640,False
2641,False
2642,False
2643,False
2644,True
2645,True
2646,False
2647,True
2648,False
2649,False
2650,True
2651,False
2652,False
2653,False
2654,False
2655,True
2656,False
2657,True
2658,True
2659,True
2660,True
2661,True
2662,False
2663,True
2664,True
2665,False
2666,False
2667,True
2668,False
2669,True
2670,True
2671,False
2672,False
2673,True
2674,False
2675,True
2676,False
2677,True
2678,False
2679,True
2680,False
2681,False
2682,False
2683,False
2684,False
2685,True
2686,False
2687,True
2688,True
2689,False
2690,True
2691,False
2692,False
2693,False
2694,False
2695,True
2696,False
2697,False
2698,False
2699,False
2700,True
2701,False
2702,False
2703,True
2704,True
2705,False
2706,True
2707,True
2708,False
2709,True
2710,False
2711,True
2712,True
2713,True
2714,False
2715,False
2716,True
2717,False
2718,True
2719,False
2720,True
2721,False
2722,False
2723,False
2724,False
2725,False
2726,False
2727,False
2728,False
2729,False
2730,False
2731,False
2732,True
2733,False
2734,False
2735,False
2736,True
2737,True
2738,False
2739,True
2740,False
2741,False
2742,False
2743,False
2744,False
2745,True
2746,False
2747,False
2748,False
2749,True
2750,False
2751,True
2752,False
2753,False
2754,False
2755,False
2756,False
2757,True
2758,True
2759,True
2760,True
2761,False
2762,False
2763,False
2764,False
2765,True
2766,True
2767,False
2768,False
2769,False
2770,True
2771,True
2772,False
2773,False
2774,False
2775,True
2776,True
2777,True
2778,False
2779,True
2780,False
2781,True
2782,False
2783,False
2784,False
2785,True
2786,False
2787,False
2788,True
2789,False
2790,False
2791,True
2792,True
2793,True
2794,False
2795,False
2796,False
2797,True
2798,True
2799,True
2800,True
2801,True
2802,False
2803,True
2804,False
2805,False
2806,True
2807,True
2808,False
2809,True
2810,False
2811,False
2812,False
2813,False
2814,True
2815,True
2816,False
2817,True
2818,False
2819,True
2820,False
2821,True
2822,False
2823,False
2824,False
2825,True
2826,False
2827,False
2828,False
2829,True
2830,False
2831,True
2832,True
2833,True
2834,True
2835,False
2836,True
2837,False
2838,False
2839,False
2840,True
2841,False
2842,True
2843,False
2844,True
2845,True
2846,False
2847,True
2848,True
2849,False
2850,False
2851,False
2852,False
2853,False
2854,False
2855,False
2856,False
2857,True
2858,False
2859,True
2860,False
2861,False
2862,False
2863,True
2864,True
2865,True
2866,False
2867,False
2868,False
2869,True
2870,False
2871,True
2872,False
2873,True
2874,False
2875,True
2876,False
2877,False
2878,False
2879,False
2880,False
2881,False
2882,True
2883,True
2884,False
2885,True
2886,True
2887,False
2888,False
2889,False
2890,True
2891,True
2892,False
2893,True
2894,True
2895,True
2896,False
2897,False
2898,True
2899,True
2900,False
2901,False
2902,True
2903,False
2904,False
2905,False
2906,False
2907,False
2908,False
2909,False
2910,False
2911,True
2912,False
2913,False
2914,True
2915,True
2916,True
2917,False
2918,True
2919,False
2920,False
2921,False
2922,False
2923,True
2924,False
2925,False
2926,False
2927,True
2928,True
2929,False
2930,True
2931,True
2932,False
2933,False
2934,True
2935,False
2936,True
2937,False
2938,False
2939,False
2940,False
2941,False
2942,True
2943,True
2944,True
2945,True
2946,True
2947,False
2948,False
2949,True
2950,False
2951,True
2952,False
2953,True
2954,True
2955,False
2956,False
2957,False
2958,True
2959,True
2960,True
2961,False
2962,True
2963,True
2964,False
2965,False
2966,False
2967,False
2968,False
2969,False
2970,True
2971,True
2972,False
2973,True
2974,True
2975,False
2976,True
2977,False
2978,False
2979,True
2980,True
2981,False
2982,False
2983,True
2984,False
2985,True
2986,False
2987,False
2988,False
2989,True
2990,True
2991,False
2992,False
2993,True
2994,False
2995,False
2996,False
2997,True
2998,True
2999,False
3000,True
3001,False
3002,True
3003,False
3004,True
3005,True
3006,False
3007,False
3008,True
3009,False
3010,False
3011,True
3012,True
3013,False
3014,True
3015,False
3016,True
3017,False
3018,False
3019,False
3020,False
3021,False
3022,False
3023,True
3024,True
3025,True
3026,True
3027,False
3028,False
3029,True
3030,True
3031,True
3032,False
3033,False
3034,False
3035,True
3036,False
3037,False
3038,False
3039,False
3040,False
3041,False
3042,True
3043,True
3044,False
3045,True
3046,False
3047,True
3048,False
3049,True
3050,True
3051,True
3052,True
3053,True
3054,True
3055,True
3056,True
3057,True
3058,True
3059,True
3060,True
3061,True
3062,False
3063,False
3064,False
3065,False
3066,True
3067,False
3068,True
3069,False
3070,False
3071,False
3072,True
3073,False
3074,True
3075,True
3076,False
3077,True
3078,False
3079,False
3080,True
3081,False
3082,True
3083,False
3084,False
3085,True
3086,False
3087,False
3088,True
3089,False
3090,True
3091,True
3092,False
3093,True
3094,False
3095,True
3096,True
3097,False
3098,False
3099,False
3100,False
3101,False
3102,False
3103,False
3104,True
3105,False
3106,True
3107,True
3108,False
3109,True
3110,True
3111,True
3112,True
3113,True
3114,False
3115,True
3116,True
3117,False
3118,False
3119,True
3120,False
3121,False
3122,True
3123,True
3124,True
3125,False
3126,False
3127,True
3128,True
3129,False
3130,False
3131,False
3132,True
3133,True
3134,True
3135,True
3136,True
3137,False
3138,False
3139,True
3140,True
3141,False
3142,True
3143,True
3144,False
3145,False
3146,True
3147,True
3148,False
3149,True
3150,False
3151,True
3152,True
3153,True
3154,False
3155,True
3156,False
3157,True
3158,False
3159,True
3160,False
3161,False
3162,False
3163,False
3164,False
3165,False
3166,True
3167,True
3168,True
3169,False
3170,False
3171,False
3172,True
3173,False
3174,False
3175,False
3176,True
3177,True
3178,False
3179,True
3180,False
3181,False
3182,False
3183,True
3184,True
3185,False
3186,True
3187,True
3188,False
3189,False
3190,True
3191,False
3192,False
3193,False
3194,False
3195,False
3196,False
3197,True
3198,False
3199,False
3200,False
3201,True
3202,False
3203,True
3204,False
3205,False
3206,True
3207,True
3208,False
3209,False
3210,False
3211,False
3212,False
3213,False
3214,False
3215,True
3216,True
3217,True
3218,False
3219,False
3220,False
3221,False
3222,False
3223,False
3224,True
3225,False
3226,True
3227,False
3228,False
3229,True
3230,False
3231,True
3232,False
3233,True
3234,True
3235,False
3236,True
3237,False
3238,False
3239,True
3240,True
3241,False
3242,True
3243,False
3244,False
3245,True
3246,False
3247,False
3248,True
3249,True
3250,True
3251,False
3252,True
3253,False
3254,False
3255,False
3256,True
3257,False
3258,False
3259,False
3260,False
3261,False
3262,True
3263,True
3264,True
3265,True
3266,True
3267,False
3268,True
3269,False
3270,True
3271,False
3272,False
3273,True
3274,False
3275,True
3276,False
3277,False
3278,True
3279,True
3280,False
3281,True
3282,True
3283,False
3284,True
3285,False
3286,False
3287,False
3288,False
3289,True
3290,True
3291,False
3292,False
3293,True
3294,False
3295,True
3296,True
3297,False
3298,False
3299,False
3300,True
3301,False
3302,False
3303,True
3304,False
3305,True
3306,True
3307,True
3308,False
3309,False
3310,False
3311,False
3312,True
3313,False
3314,False
3315,True
3316,False
3317,False
3318,False
3319,False
3320,False
3321,True
3322,True
3323,False
3324,False
3325,False
3326,False
3327,False
3328,False
3329,False
3330,False
3331,True
3332,True
3333,False
3334,False
3335,True
3336,True
3337,True
3338,True
3339,True
3340,False
3341,False
3342,True
3343,False
3344,True
3345,True
3346,True
3347,False
3348,False
3349,False
3350,True
3351,True
3352,True
3353,False
3354,True
3355,False
3356,False
3357,True
3358,True
3359,False
3360,False
3361,True
3362,True
3363,False
3364,True
3365,False
3366,False
3367,True
3368,True
3369,True
3370,True
3371,False
3372,True
3373,True
3374,True
3375,True
3376,False
3377,True
3378,False
3379,False
3380,False
3381,True
3382,False
3383,True
3384,True
3385,False
3386,True
3387,True
3388,True
3389,False
3390,True
3391,True
3392,True
3393,False
3394,False
3395,True
3396,False
3397,False
3398,False
3399,True
3400,False
3401,True
3402,False
3403,True
3404,True
3405,True
3406,False
3407,True
3408,False
3409,False
3410,False
3411,True
3412,True
3413,True
3414,False
3415,True
3416,False
3417,True
3418,True
3419,True
3420,False
3421,False
3422,False
3423,True
3424,True
3425,True
3426,False
3427,False
3428,True
3429,False
3430,False
3431,True
3432,False
3433,True
3434,True
3435,False
3436,False
3437,False
3438,True
3439,False
3440,False
3441,False
3442,False
3443,False
3444,False
3445,False
3446,False
3447,False
3448,True
3449,True
3450,True
3451,False
3452,False
3453,True
3454,False
3455,False
3456,True
3457,False
3458,False
3459,False
3460,False
3461,True
3462,False
3463,False
3464,False
3465,True
3466,True
3467,False
3468,False
3469,False
3470,True
3471,True
3472,True
3473,True
3474,False
3475,True
3476,True
3477,True
3478,False
3479,False
3480,False
3481,True
3482,False
3483,True
3484,False
3485,True
3486,False
3487,False
3488,False
3489,True
3490,True
3491,False
3492,False
3493,True
3494,False
3495,False
3496,True
3497,False
3498,True
3499,True
3500,True
3501,True
3502,True
3503,False
3504,False
3505,False
3506,False
3507,False
3508,False
3509,True
3510,True
3511,True
3512,True
3513,False
3514,True
3515,True
3516,False
3517,False
3518,False
3519,False
3520,True
3521,True
3522,False
3523,True
3524,False
3525,False
3526,True
3527,True
3528,True
3529,True
3530,True
3531,True
3532,True
3533,True
3534,True
3535,False
3536,True
3537,True
3538,False
3539,True
3540,True
3541,True
3542,True
3543,True
3544,False
3545,True
3546,True
3547,False
3548,False
3549,False
3550,False
3551,False
3552,True
3553,False
3554,True
3555,True
3556,True
3557,False
3558,True
3559,False
3560,True
3561,True
3562,True
3563,False
3564,True
3565,False
3566,True
3567,True
3568,False
3569,False
3570,False
3571,True
3572,False
3573,False
3574,False
3575,False
3576,True
3577,False
3578,False
3579,False
3580,True
3581,False
3582,False
3583,True
3584,True
3585,True
3586,False
3587,True
3588,True
3589,True
3590,True
3591,True
3592,False
3593,False
3594,False
3595,False
3596,True
3597,False
3598,True
3599,True
3600,False
3601,True
3602,True
3603,True
3604,True
3605,False
3606,False
3607,True
3608,True
3609,False
3610,True
3611,False
3612,False
3613,False
3614,True
3615,True
3616,False
3617,True
3618,True
3619,True
3620,False
3621,False
3622,True
3623,True
3624,True
3625,False
3626,False
3627,False
3628,False
3629,False
3630,False
3631,False
3632,False
3633,True
3634,False
3635,True
3636,False
3637,True
3638,False
3639,True
3640,True
3641,False
3642,True
3643,True
3644,True
3645,True
3646,True
3647,False
3648,False
3649,False
3650,True
3651,False
3652,True
3653,True
3654,False
3655,True
3656,False
3657,False
3658,True
3659,False
3660,True
3661,False
3662,True
3663,True
3664,False
3665,True
3666,True
3667,True
3668,False
3669,True
3670,True
3671,False
3672,False
3673,True
3674,True
3675,True
3676,True
3677,True
3678,True
3679,False
3680,True
3681,False
3682,False
3683,False
3684,False
3685,True
3686,False
3687,True
3688,True
3689,False
3690,False
3691,False
3692,True
3693,True
3694,True
3695,True
3696,False
3697,False
3698,False
3699,False
3700,True
3701,False
3702,True
3703,False
3704,True
3705,False
3706,False
3707,True
3708,False
3709,True
3710,True
3711,True
3712,False
3713,False
3714,True
3715,False
3716,False
3717,True
3718,True
3719,False
3720,True
3721,True
3722,False
3723,False
3724,True
3725,True
3726,False
3727,False
3728,True
3729,False
3730,True
3731,False
3732,False
3733,True
3734,True
3735,True
3736,False
3737,False
3738,False
3739,False
3740,True
3741,False
3742,False
3743,True
3744,False
3745,True
3746,True
3747,False
3748,True
3749,True
3750,True
3751,True
3752,False
3753,False
3754,False
3755,False
3756,False
3757,False
3758,True
3759,False
3760,False
3761,False
3762,True
3763,False
3764,False
3765,True
3766,True
3767,True
3768,True
3769,True
3770,False
3771,True
3772,False
3773,False
3774,True
3775,True
3776,False
3777,False
3778,False
3779,True
3780,True
3781,False
3782,False
3783,False
3784,False
3785,False
3786,True
3787,False
3788,True
3789,False
3790,True
3791,False
3792,False
3793,False
3794,True
3795,True
3796,False
3797,True
3798,False
3799,False
3800,True
3801,False
3802,True
3803,False
3804,False
3805,False
3806,False
3807,False
3808,True
3809,True
3810,True
3811,False
3812,True
3813,True
3814,False
3815,True
3816,True
3817,False
3818,True
3819,True
3820,True
3821,True
3822,False
3823,True
3824,False
3825,False
3826,False
3827,True
3828,True
3829,True
3830,False
3831,True
3832,True
3833,True
3834,True
3835,True
3836,True
3837,True
3838,True
3839,True
3840,True
3841,False
3842,False
3843,False
3844,False
3845,False
3846,False
3847,True
3848,True
3849,True
3850,False
3851,True
3852,True
3853,True
3854,True
3855,False
3856,True
3857,True
3858,False
3859,False
3860,False
3861,True
3862,True
3863,True
3864,False
3865,False
3866,False
3867,True
3868,False
3869,True
3870,True
3871,True
3872,False
3873,False
3874,False
3875,True
3876,True
3877,True
3878,False
3879,False
3880,False
3881,True
3882,False
3883,False
3884,True
3885,True
3886,False
3887,True
3888,True
3889,True
3890,False
3891,False
3892,False
3893,False
3894,True
3895,True
3896,True
3897,False
3898,False
3899,True
3900,True
3901,True
3902,False
3903,False
3904,False
3905,False
3906,False
3907,True
3908,False
3909,False
3910,False
3911,True
3912,True
3913,False
3914,True
3915,True
3916,False
3917,True
3918,False
3919,True
3920,False
3921,True
3922,False
3923,True
3924,False
3925,True
3926,False
3927,False
3928,True
3929,True
3930,False
3931,True
3932,True
3933,False
3934,True
3935,False
3936,False
3937,True
3938,False
3939,True
3940,False
3941,True
3942,True
3943,True
3944,False
3945,True
3946,True
3947,True
3948,False
3949,True
3950,True
3951,True
3952,True
3953,True
3954,False
3955,True
3956,True
3957,True
3958,False
3959,False
3960,False
3961,True
3962,True
3963,False
3964,True
3965,True
3966,True
3967,False
3968,True
3969,False
3970,False
3971,True
3972,True
3973,False
3974,False
3975,False
3976,False
3977,False
3978,True
3979,True
3980,False
3981,True
3982,False
3983,False
3984,False
3985,False
3986,False
3987,False
3988,False
3989,False
3990,True
3991,True
3992,False
3993,False
3994,False
3995,True
3996,True
3997,False
3998,False
3999,False
4000,True
4001,True
4002,False
4003,True
4004,True
4005,False
4006,False
4007,True
4008,True
4009,True
4010,True
4011,True
4012,False
4013,False
4014,False
4015,False
4016,True
4017,False
4018,False
4019,True
4020,True
4021,True
4022,True
4023,True
4024,True
4025,True
4026,True
4027,True
4028,True
4029,False
4030,True
4031,False
4032,False
4033,True
4034,True
4035,False
4036,True
4037,True
4038,True
4039,True
4040,True
4041,True
4042,False
4043,False
4044,True
4045,True
4046,True
4047,False
4048,True
4049,False
4050,True
4051,False
4052,False
4053,True
4054,True
4055,True
4056,True
4057,True
4058,True
4059,True
4060,True
4061,True
4062,False
4063,False
4064,False
4065,True
4066,True
4067,False
4068,False
4069,True
4070,False
4071,False
4072,True
4073,True
4074,True
4075,False
4076,False
4077,True
4078,True
4079,False
4080,False
4081,False
4082,False
4083,False
4084,False
4085,False
4086,False
4087,True
4088,True
4089,True
4090,True
4091,False
4092,True
4093,False
4094,False
4095,False
4096,False
4097,False
4098,False
4099,False
4100,True
4101,True
4102,True
4103,True
4104,True
4105,True
4106,False
4107,False
4108,False
4109,False
4110,True
4111,True
4112,False
4113,False
4114,True
4115,False
4116,True
4117,False
4118,False
4119,True
4120,True
4121,False
4122,False
4123,True
4124,True
4125,True
4126,True
4127,False
4128,True
4129,True
4130,True
4131,False
4132,False
4133,False
4134,True
4135,False
4136,True
4137,True
4138,False
4139,True
4140,True
4141,False
4142,False
4143,True
4144,True
4145,False
4146,False
4147,True
4148,False
4149,True
4150,True
4151,False
4152,True
4153,True
4154,False
4155,False
4156,False
4157,True
4158,True
4159,False
4160,False
4161,True
4162,True
4163,True
4164,True
4165,False
4166,True
4167,True
4168,True
4169,False
4170,True
4171,True
4172,False
4173,True
4174,True
4175,False
4176,False
4177,False
4178,False
4179,False
4180,True
4181,True
4182,False
4183,False
4184,False
4185,True
4186,True
4187,False
4188,False
4189,True
4190,True
4191,False
4192,False
4193,False
4194,True
4195,True
4196,True
4197,True
4198,True
4199,False
4200,False
4201,True
4202,True
4203,True
4204,False
4205,True
4206,False
4207,False
4208,False
4209,True
4210,True
4211,True
4212,True
4213,False
4214,True
4215,True
4216,False
4217,True
4218,True
4219,True
4220,False
4221,True
4222,True
4223,False
4224,False
4225,False
4226,False
4227,True
4228,False
4229,True
4230,True
4231,False
4232,True
4233,True
4234,True
4235,False
4236,False
4237,True
4238,True
4239,False
4240,False
4241,True
4242,True
4243,True
4244,False
4245,False
4246,True
4247,True
4248,False
4249,True
4250,True
4251,True
4252,False
4253,False
4254,True
4255,True
4256,True
4257,False
4258,True
4259,False
4260,False
4261,False
4262,True
4263,True
4264,True
4265,True
4266,True
4267,False
4268,True
4269,True
4270,True
4271,False
4272,False
4273,False
4274,True
4275,True
4276,True
4277,True
4278,True
4279,True
4280,True
4281,True
4282,True
4283,False
4284,True
4285,False
4286,True
4287,True
4288,True
4289,False
4290,True
4291,False
4292,True
4293,True
4294,False
4295,False
4296,True
4297,True
4298,True
4299,False
4300,False
4301,False
4302,True
4303,True
4304,True
4305,True
4306,True
4307,False
4308,True
4309,True
4310,True
4311,True
4312,False
4313,True
4314,False
4315,True
4316,False
4317,True
4318,False
4319,False
4320,True
4321,True
4322,True
4323,True
4324,True
4325,True
4326,False
4327,False
4328,False
4329,False
4330,True
4331,True
4332,False
4333,False
4334,False
4335,True
4336,False
4337,True
4338,True
4339,False
4340,True
4341,True
4342,True
4343,True
4344,False
4345,False
4346,False
4347,True
4348,False
4349,False
4350,True
4351,True
4352,False
4353,False
4354,True
4355,True
4356,False
4357,False
4358,False
4359,False
4360,True
4361,False
4362,True
4363,False
4364,False
4365,False
4366,False
4367,False
4368,True
4369,False
4370,False
4371,True
4372,False
4373,False
4374,False
4375,False
4376,True
4377,False
4378,False
4379,True
4380,False
4381,True
4382,False
4383,True
4384,False
4385,False
4386,True
4387,False
4388,False
4389,True
4390,False
4391,True
4392,True
4393,False
4394,True
4395,False
4396,False
4397,False
4398,True
4399,True
4400,False
4401,True
4402,False
4403,True
4404,False
4405,False
4406,True
4407,True
4408,False
4409,False
4410,True
4411,False
4412,True
4413,False
4414,True
4415,False
4416,True
4417,True
4418,False
4419,True
4420,True
4421,True
4422,True
4423,True
4424,False
4425,False
4426,False
4427,True
4428,True
4429,True
4430,True
4431,True
4432,True
4433,False
4434,True
4435,True
4436,True
4437,True
4438,False
4439,True
4440,True
4441,True
4442,True
4443,False
4444,True
4445,True
4446,False
4447,True
4448,False
4449,False
4450,False
4451,True
4452,True
4453,False
4454,True
4455,False
4456,True
4457,False
4458,True
4459,False
4460,False
4461,False
4462,True
4463,False
4464,True
4465,False
4466,False
4467,True
4468,True
4469,True
4470,False
4471,True
4472,False
4473,True
4474,True
4475,False
4476,False
4477,False
4478,True
4479,False
4480,False
4481,True
4482,False
4483,True
4484,False
4485,True
4486,False
4487,False
4488,False
4489,True
4490,False
4491,False
4492,True
4493,False
4494,False
4495,False
4496,False
4497,True
4498,False
4499,True
4500,True
4501,False
4502,False
4503,False
4504,False
4505,False
4506,False
4507,False
4508,False
4509,False
4510,False
4511,True
4512,False
4513,True
4514,False
4515,True
4516,True
4517,True
4518,False
4519,True
4520,True
4521,False
4522,False
4523,False
4524,True
4525,True
4526,True
4527,True
4528,False
4529,True
4530,False
4531,False
4532,True
4533,False
4534,False
4535,False
4536,True
4537,True
4538,True
4539,False
4540,False
4541,False
4542,False
4543,False
4544,False
4545,True
4546,False
4547,False
4548,False
4549,False
4550,False
4551,True
4552,True
4553,False
4554,True
4555,False
4556,False
4557,False
4558,False
4559,True
4560,False
4561,True
4562,False
4563,False
4564,True
4565,True
4566,True
4567,False
4568,False
4569,False
4570,True
4571,False
4572,False
4573,True
4574,False
4575,False
4576,True
4577,False
4578,False
4579,False
4580,True
4581,True
4582,False
4583,True
4584,False
4585,False
4586,True
4587,False
4588,True
4589,False
4590,True
4591,True
4592,True
4593,False
4594,False
4595,False
4596,False
4597,True
4598,False
4599,True
4600,False
4601,True
4602,True
4603,False
4604,False
4605,False
4606,False
4607,False
4608,False
4609,True
4610,True
4611,False
4612,True
4613,True
4614,True
4615,False
4616,True
4617,True
4618,False
4619,True
4620,False
4621,True
4622,False
4623,False
4624,True
4625,False
4626,True
4627,True
4628,False
4629,False
4630,True
4631,True
4632,True
4633,True
4634,False
4635,False
4636,False
4637,True
4638,True
4639,False
4640,True
4641,True
4642,True
4643,True
4644,False
4645,False
4646,True
4647,True
4648,False
4649,False
4650,True
4651,False
4652,False
4653,True
4654,True
4655,True
4656,False
4657,False
4658,False
4659,False
4660,True
4661,False
4662,True
4663,False
4664,False
4665,False
4666,False
4667,False
4668,True
4669,False
4670,True
4671,True
4672,True
4673,False
4674,True
4675,False
4676,False
4677,True
4678,True
4679,False
4680,True
4681,True
4682,False
4683,False
4684,False
4685,False
4686,True
4687,True
4688,True
4689,False
4690,True
4691,True
4692,False
4693,False
4694,True
4695,False
4696,False
4697,False
4698,True
4699,True
4700,True
4701,True
4702,False
4703,False
4704,False
4705,False
4706,False
4707,True
4708,False
4709,False
4710,True
4711,False
4712,True
4713,True
4714,False
4715,True
4716,True
4717,True
4718,True
4719,True
4720,False
4721,False
4722,False
4723,False
4724,False
4725,True
4726,True
4727,True
4728,True
4729,False
4730,False
4731,True
4732,True
4733,True
4734,True
4735,False
4736,True
4737,False
4738,True
4739,True
4740,False
4741,True
4742,True
4743,False
4744,False
4745,False
4746,False
4747,True
4748,False
4749,True
4750,True
4751,True
4752,True
4753,True
4754,False
4755,True
4756,False
4757,True
4758,False
4759,False
4760,True
4761,True
4762,False
4763,False
4764,True
4765,True
4766,False
4767,True
4768,True
4769,True
4770,True
4771,False
4772,False
4773,True
4774,False
4775,True
4776,True
4777,False
4778,False
4779,False
4780,False
4781,False
4782,False
4783,False
4784,True
4785,False
4786,False
4787,True
4788,True
4789,True
4790,False
4791,False
4792,False
4793,True
4794,False
4795,True
4796,False
4797,True
4798,True
4799,False
4800,True
4801,False
4802,False
4803,True
4804,False
4805,False
4806,True
4807,True
4808,False
4809,True
4810,False
4811,True
4812,False
4813,False
4814,True
4815,False
4816,False
4817,True
4818,False
4819,False
4820,True
4821,False
4822,True
4823,True
4824,True
4825,True
4826,True
4827,False
4828,True
4829,True
4830,True
4831,True
4832,True
4833,True
4834,False
4835,False
4836,True
4837,True
4838,True
4839,False
4840,True
4841,False
4842,True
4843,True
4844,False
4845,True
4846,True
4847,False
4848,True
4849,False
4850,False
4851,True
4852,True
4853,False
4854,False
4855,True
4856,False
4857,True
4858,False
4859,True
4860,False
4861,True
4862,True
4863,False
4864,True
4865,True
4866,False
4867,False
4868,False
4869,False
4870,True
4871,False
4872,True
4873,False
4874,True
4875,True
4876,False
4877,False
4878,True
4879,True
4880,True
4881,True
4882,True
4883,False
4884,False
4885,True
4886,False
4887,True
4888,True
4889,True
4890,False
4891,False
4892,True
4893,True
4894,False
4895,False
4896,False
4897,True
4898,False
4899,True
4900,True
4901,False
4902,True
4903,False
4904,True
4905,True
4906,False
4907,False
4908,False
4909,False
4910,False
4911,True
4912,True
4913,True
4914,False
4915,True
4916,False
4917,False
4918,True
4919,True
4920,True
4921,True
4922,False
4923,True
4924,False
4925,False
4926,False
4927,False
4928,False
4929,False
4930,True
4931,True
4932,True
4933,False
4934,True
4935,False
4936,False
4937,True
4938,True
4939,True
4940,False
4941,False
4942,False
4943,True
4944,True
4945,True
4946,True
4947,True
4948,False
4949,False
4950,True
4951,True
4952,False
4953,True
4954,False
4955,False
4956,True
4957,True
4958,True
4959,False
4960,False
4961,True
4962,True
4963,True
4964,True
4965,False
4966,True
4967,False
4968,True
4969,False
4970,False
4971,True
4972,False
4973,False
4974,False
4975,True
4976,False
4977,False
4978,False
4979,True
4980,False
4981,True
4982,True
4983,True
4984,True
4985,True
4986,False
4987,False
4988,True
4989,True
4990,True
4991,True
4992,False
4993,True
4994,True
4995,False
4996,True
4997,True
4998,False
4999,False
