battle_id,player_won
0,False
1,True
2,True
3,True
4,True
5,False
6,True
7,True
8,True
9,True
10,True
11,True
12,True
13,False
14,True
15,False
16,True
17,True
18,True
19,True
20,False
21,True
22,True
23,True
24,True
25,True
26,True
27,True
28,True
29,True
30,True
31,True
32,False
33,True
34,True
35,True
36,False
37,False
38,True
39,False
40,True
41,True
42,True
43,True
44,True
45,True
46,False
47,True
48,True
49,True
50,True
51,False
52,True
53,False
54,True
55,True
56,True
57,True
58,True
59,True
60,True
61,False
62,True
63,False
64,False
65,True
66,True
67,True
68,True
69,True
70,True
71,True
72,True
73,True
74,True
75,False
76,True
77,True
78,True
79,True
80,True
81,True
82,True
83,True
84,True
85,True
86,True
87,True
88,True
89,True
90,True
91,True
92,True
93,True
94,False
95,True
96,True
97,True
98,True
99,True
100,True
101,True
102,True
103,True
104,False
105,False
106,False
107,True
108,True
109,False
110,True
111,True
112,True
113,True
114,True
115,False
116,True
117,True
118,True
119,True
120,True
121,True
122,True
123,False
124,True
125,True
126,True
127,True
128,True
129,True
130,True
131,True
132,True
133,True
134,True
135,True
136,False
137,True
138,True
139,True
140,False
141,False
142,True
143,True
144,True
145,True
146,True
147,True
148,True
149,True
150,True
151,True
152,True
153,True
154,False
155,True
156,False
157,True
158,True
159,True
160,True
161,False
162,True
163,True
164,True
165,True
166,True
167,False
168,True
169,True
170,True
171,True
172,True
173,True
174,True
175,True
176,True
177,False
178,True
179,True
180,True
181,True
182,True
183,True
184,True
185,True
186,True
187,True
188,True
189,True
190,True
191,True
192,True
193,True
194,True
195,True
196,True
197,True
198,True
199,True
200,True
201,True
202,True
203,True
204,True
205,True
206,True
207,True
208,True
209,True
210,True
211,True
212,False
213,True
214,True
215,False
216,True
217,True
218,True
219,True
220,True
221,True
222,True
223,True
224,True
225,True
226,True
227,True
228,True
229,True
230,True
231,True
232,True
233,True
234,True
235,True
236,True
237,True
238,False
239,True
240,True
241,False
242,True
243,True
244,False
245,True
246,True
247,True
248,True
249,True
250,False
251,True
252,True
253,False
254,True
255,True
256,True
257,False
258,False
259,True
260,True
261,True
262,True
263,True
264,True
265,True
266,True
267,True
268,False
269,True
270,True
271,True
272,True
273,False
274,True
275,True
276,True
277,True
278,True
279,True
280,True
281,False
282,True
283,True
284,True
285,True
286,True
287,True
288,True
289,False
290,True
291,True
292,True
293,True
294,True
295,True
296,True
297,True
298,False
299,True
300,False
301,True
302,True
303,True
304,True
305,True
306,True
307,True
308,True
309,True
310,True
311,True
312,True
313,True
314,True
315,True
316,True
317,True
318,True
319,True
320,True
321,True
322,True
323,True
324,True
325,False
326,True
327,True
328,False
329,True
330,True
331,True
332,False
333,True
334,True
335,True
336,True
337,True
338,True
339,True
340,True
341,True
342,True
343,True
344,True
345,False
346,True
347,True
348,True
349,True
350,True
351,True
352,True
353,True
354,True
355,True
356,True
357,True
358,True
359,True
360,True
361,True
362,True
363,True
364,True
365,True
366,True
367,True
368,True
369,True
370,True
371,True
372,True
373,True
374,True
375,True
376,True
377,True
378,True
379,True
380,False
381,True
382,True
383,True
384,False
385,True
386,True
387,False
388,False
389,True
390,True
391,True
392,True
393,True
394,True
395,True
396,False
397,True
398,True
399,True
400,False
401,True
402,True
403,True
404,True
405,True
406,True
407,True
408,True
409,True
410,True
411,True
412,False
413,True
414,True
415,True
416,True
417,True
418,False
419,True
420,True
421,False
422,True
423,True
424,True
425,True
426,False
427,True
428,True
429,True
430,True
431,True
432,False
433,False
434,True
435,True
436,False
437,True
438,False
439,False
440,True
441,True
442,False
443,True
444,True
445,True
446,True
447,True
448,False
449,True
450,True
451,True
452,True
453,True
454,True
455,True
456,True
457,True
458,True
459,True
460,True
461,True
462,False
463,True
464,True
465,True
466,True
467,False
468,True
469,True
470,True
471,True
472,True
473,True
474,True
475,True
476,False
477,True
478,True
479,True
480,True
481,True
482,True
483,True
484,True
485,True
486,True
487,True
488,True
489,True
490,True
491,True
492,True
493,True
494,True
495,False
496,True
497,True
498,True
499,True
500,True
501,True
502,True
503,True
504,True
505,True
506,True
507,True
508,False
509,True
510,True
511,False
512,True
513,True
514,False
515,True
516,True
517,True
518,True
519,True
520,True
521,True
522,True
523,True
524,True
525,True
526,True
527,True
528,True
529,True
530,True
531,True
532,True
533,True
534,True
535,True
536,True
537,True
538,True
539,True
540,True
541,True
542,True
543,True
544,True
545,True
546,True
547,False
548,True
549,True
550,True
551,True
552,False
553,True
554,True
555,False
556,True
557,True
558,True
559,True
560,True
561,False
562,False
563,True
564,True
565,True
566,True
567,True
568,True
569,True
570,True
571,True
572,True
573,True
574,False
575,True
576,True
577,True
578,True
579,True
580,True
581,False
582,True
583,True
584,True
585,True
586,True
587,True
588,True
589,False
590,False
591,True
592,True
593,True
594,True
595,True
596,True
597,True
598,True
599,True
600,True
601,True
602,True
603,True
604,True
605,True
606,False
607,True
608,True
609,True
610,True
611,True
612,True
613,True
614,True
615,True
616,False
617,True
618,False
619,True
620,True
621,True
622,True
623,True
624,True
625,True
626,True
627,True
628,True
629,True
630,True
631,False
632,True
633,True
634,True
635,True
636,False
637,True
638,True
639,True
640,True
641,True
642,True
643,True
644,True
645,False
646,True
647,True
648,True
649,True
650,False
651,True
652,True
653,True
654,True
655,True
656,True
657,True
658,True
659,True
660,False
661,True
662,True
663,False
664,True
665,True
666,True
667,True
668,False
669,True
670,True
671,True
672,True
673,True
674,True
675,True
676,True
677,True
678,True
679,True
680,False
681,True
682,True
683,True
684,True
685,True
686,True
687,True
688,True
689,True
690,True
691,True
692,True
693,False
694,True
695,True
696,False
697,True
698,True
699,True
700,True
701,False
702,True
703,True
704,True
705,True
706,True
707,True
708,True
709,True
710,True
711,True
712,True
713,True
714,True
715,True
716,True
717,True
718,True
719,True
720,True
721,True
722,True
723,True
724,True
725,True
726,True
727,True
728,True
729,True
730,True
731,True
732,True
733,True
734,True
735,True
736,True
737,True
738,True
739,True
740,True
741,True
742,True
743,True
744,False
745,True
746,False
747,True
748,True
749,True
750,True
751,True
752,True
753,True
754,True
755,True
756,True
757,True
758,True
759,True
760,True
761,True
762,True
763,True
764,False
765,True
766,True
767,True
768,False
769,True
770,True
771,True
772,True
773,False
774,True
775,True
776,True
777,True
778,False
779,False
780,True
781,True
782,True
783,True
784,True
785,False
786,True
787,True
788,True
789,True
790,True
791,True
792,True
793,True
794,True
795,True
796,False
797,True
798,True
799,True
800,True
801,True
802,True
803,False
804,True
805,True
806,False
807,True
808,True
809,True
810,True
811,True
812,True
813,True
814,True
815,True
816,True
817,True
818,True
819,True
820,True
821,True
822,True
823,True
824,False
825,True
826,True
827,True
828,True
829,True
830,True
831,True
832,True
833,True
834,True
835,True
836,True
837,True
838,True
839,True
840,True
841,True
842,True
843,False
844,True
845,True
846,True
847,False
848,True
849,True
850,False
851,False
852,True
853,True
854,True
855,True
856,True
857,True
858,False
859,True
860,True
861,True
862,True
863,True
864,True
865,True
866,True
867,True
868,True
869,True
870,True
871,True
872,True
873,True
874,True
875,True
876,True
877,False
878,True
879,True
880,True
881,True
882,True
883,True
884,True
885,True
886,True
887,True
888,True
889,True
890,True
891,True
892,True
893,False
894,True
895,True
896,True
897,True
898,False
899,True
900,True
901,True
902,True
903,True
904,True
905,True
906,True
907,False
908,False
909,True
910,True
911,False
912,True
913,False
914,True
915,True
916,True
917,True
918,True
919,True
920,True
921,True
922,True
923,False
924,True
925,True
926,True
927,True
928,True
929,True
930,True
931,True
932,False
933,True
934,True
935,True
936,False
937,True
938,True
939,True
940,True
941,True
942,True
943,True
944,True
945,False
946,True
947,True
948,True
949,True
950,True
951,True
952,True
953,True
954,True
955,True
956,True
957,True
958,True
959,True
960,True
961,False
962,True
963,True
964,True
965,True
966,True
967,True
968,True
969,False
970,False
971,True
972,True
973,False
974,True
975,True
976,True
977,False
978,True
979,True
980,True
981,False
982,False
983,True
984,True
985,True
986,False
987,False
988,False
989,True
990,True
991,True
992,True
993,True
994,True
995,True
996,False
997,True
998,True
999,True
1000,True
1001,True
1002,True
1003,True
1004,False
1005,True
1006,True
1007,True
1008,False
1009,False
1010,True
1011,True
1012,True
1013,True
1014,False
1015,True
1016,True
1017,True
1018,True
1019,True
1020,True
1021,False
1022,True
1023,True
1024,True
1025,True
1026,False
1027,True
1028,False
1029,True
1030,True
1031,True
1032,True
1033,True
1034,False
1035,True
1036,True
1037,True
1038,True
1039,True
1040,True
1041,True
1042,True
1043,True
1044,True
1045,True
1046,True
1047,True
1048,True
1049,True
1050,True
1051,True
1052,True
1053,True
1054,False
1055,False
1056,True
1057,True
1058,True
1059,True
1060,True
1061,True
1062,True
1063,True
1064,True
1065,True
1066,False
1067,True
1068,True
1069,True
1070,True
1071,True
1072,True
1073,True
1074,True
1075,True
1076,True
1077,False
1078,True
1079,True
1080,False
1081,True
1082,True
1083,True
1084,True
1085,True
1086,True
1087,True
1088,True
1089,True
1090,True
1091,True
1092,True
1093,False
1094,True
1095,True
1096,True
1097,True
1098,True
1099,True
1100,True
1101,True
1102,True
1103,True
1104,True
1105,True
1106,True
1107,True
1108,True
1109,True
1110,True
1111,True
1112,True
1113,True
1114,True
1115,True
1116,True
1117,True
1118,True
1119,True
1120,True
1121,True
1122,True
1123,True
1124,True
1125,False
1126,True
1127,True
1128,True
1129,True
1130,True
1131,True
1132,False
1133,True
1134,True
1135,False
1136,True
1137,False
1138,True
1139,False
1140,True
1141,True
1142,True
1143,False
1144,True
1145,True
1146,True
1147,True
1148,True
1149,True
1150,True
1151,True
1152,True
1153,True
1154,True
1155,True
1156,False
1157,False
1158,True
1159,True
1160,False
1161,True
1162,True
1163,True
1164,True
1165,True
1166,True
1167,True
1168,True
1169,True
1170,True
1171,False
1172,True
1173,False
1174,True
1175,False
1176,True
1177,True
1178,True
1179,True
1180,True
1181,True
1182,True
1183,True
1184,True
1185,True
1186,False
1187,False
1188,True
1189,True
1190,True
1191,True
1192,True
1193,True
1194,True
1195,True
1196,True
1197,True
1198,True
1199,False
1200,True
1201,True
1202,False
1203,True
1204,False
1205,True
1206,False
1207,True
1208,True
1209,True
1210,True
1211,True
1212,True
1213,True
1214,True
1215,True
1216,True
1217,True
1218,True
1219,True
1220,True
1221,True
1222,True
1223,True
1224,True
1225,True
1226,True
1227,True
1228,True
1229,True
1230,True
1231,True
1232,True
1233,True
1234,False
1235,True
1236,True
1237,True
1238,True
1239,False
1240,False
1241,True
1242,True
1243,True
1244,True
1245,True
1246,True
1247,True
1248,True
1249,True
1250,True
1251,True
1252,True
1253,True
1254,True
1255,True
1256,True
1257,True
1258,True
1259,True
1260,True
1261,True
1262,True
1263,True
1264,True
1265,True
1266,True
1267,True
1268,True
1269,True
1270,False
1271,True
1272,True
1273,True
1274,True
1275,False
1276,True
1277,True
1278,True
1279,True
1280,True
1281,True
1282,False
1283,True
1284,True
1285,True
1286,True
1287,True
1288,True
1289,True
1290,True
1291,True
1292,True
1293,True
1294,True
1295,True
1296,True
1297,True
1298,True
1299,True
1300,True
1301,True
1302,True
1303,True
1304,True
1305,True
1306,False
1307,True
1308,True
1309,False
1310,True
1311,True
1312,True
1313,True
1314,True
1315,False
1316,False
1317,True
1318,True
1319,True
1320,True
1321,True
1322,True
1323,True
1324,True
1325,True
1326,True
1327,True
1328,True
1329,True
1330,True
1331,False
1332,False
1333,True
1334,True
1335,False
1336,True
1337,True
1338,True
1339,False
1340,True
1341,False
1342,False
1343,True
1344,False
1345,True
1346,True
1347,True
1348,False
1349,True
1350,True
1351,True
1352,True
1353,True
1354,True
1355,True
1356,False
1357,True
1358,True
1359,False
1360,True
1361,True
1362,True
1363,True
1364,True
1365,True
1366,True
1367,True
1368,True
1369,True
1370,True
1371,True
1372,True
1373,True
1374,True
1375,True
1376,True
1377,True
1378,True
1379,True
1380,True
1381,True
1382,True
1383,True
1384,True
1385,True
1386,False
1387,True
1388,True
1389,True
1390,True
1391,False
1392,True
1393,True
1394,True
1395,False
1396,True
1397,True
1398,True
1399,True
1400,True
1401,True
1402,True
1403,False
1404,True
1405,True
1406,True
1407,True
1408,True
1409,True
1410,False
1411,True
1412,True
1413,True
1414,False
1415,True
1416,True
1417,True
1418,True
1419,True
1420,True
1421,True
1422,True
1423,True
1424,True
1425,True
1426,True
1427,True
1428,True
1429,True
1430,True
1431,True
1432,True
1433,True
1434,True
1435,True
1436,True
1437,True
1438,True
1439,True
1440,True
1441,True
1442,False
1443,True
1444,True
1445,True
1446,True
1447,True
1448,True
1449,True
1450,True
1451,False
1452,True
1453,True
1454,True
1455,True
1456,True
1457,True
1458,True
1459,False
1460,True
1461,True
1462,True
1463,True
1464,False
1465,True
1466,True
1467,True
1468,True
1469,True
1470,True
1471,False
1472,True
1473,False
1474,True
1475,True
1476,True
1477,False
1478,True
1479,True
1480,False
1481,True
1482,True
1483,True
1484,True
1485,True
1486,False
1487,True
1488,True
1489,True
1490,False
1491,True
1492,True
1493,True
1494,True
1495,True
1496,True
1497,True
1498,True
1499,True
1500,False
1501,True
1502,True
1503,True
1504,False
1505,False
1506,True
1507,True
1508,False
1509,True
1510,True
1511,True
1512,False
1513,True
1514,False
1515,True
1516,True
1517,True
1518,True
1519,True
1520,True
1521,False
1522,True
1523,False
1524,True
1525,False
1526,True
1527,False
1528,True
1529,False
1530,True
1531,True
1532,True
1533,True
1534,True
1535,True
1536,True
1537,True
1538,True
1539,True
1540,True
1541,False
1542,False
1543,True
1544,True
1545,True
1546,False
1547,True
1548,True
1549,True
1550,False
1551,True
1552,True
1553,True
1554,True
1555,True
1556,False
1557,True
1558,True
1559,True
1560,True
1561,True
1562,True
1563,False
1564,False
1565,True
1566,False
1567,True
1568,True
1569,True
1570,True
1571,True
1572,False
1573,True
1574,True
1575,True
1576,True
1577,False
1578,True
1579,True
1580,True
1581,True
1582,True
1583,True
1584,False
1585,True
1586,True
1587,True
1588,True
1589,True
1590,True
1591,True
1592,True
1593,False
1594,True
1595,True
1596,True
1597,True
1598,True
1599,True
1600,True
1601,True
1602,True
1603,True
1604,True
1605,True
1606,True
1607,True
1608,True
1609,True
1610,True
1611,True
1612,True
1613,False
1614,False
1615,True
1616,True
1617,True
1618,True
1619,True
1620,True
1621,False
1622,True
1623,True
1624,True
1625,True
1626,True
1627,True
1628,True
1629,True
1630,True
1631,True
1632,False
1633,True
1634,True
1635,True
1636,True
1637,True
1638,True
1639,True
1640,True
1641,True
1642,True
1643,True
1644,True
1645,True
1646,True
1647,True
1648,True
1649,True
1650,True
1651,False
1652,True
1653,False
1654,True
1655,True
1656,False
1657,False
1658,True
1659,True
1660,True
1661,True
1662,True
1663,True
1664,True
1665,True
1666,True
1667,True
1668,True
1669,True
1670,False
1671,True
1672,True
1673,True
1674,True
1675,True
1676,True
1677,True
1678,True
1679,True
1680,True
1681,True
1682,True
1683,True
1684,True
1685,True
1686,True
1687,True
1688,False
1689,True
1690,True
1691,False
1692,True
1693,False
1694,True
1695,True
1696,True
1697,True
1698,True
1699,True
1700,True
1701,True
1702,True
1703,True
1704,True
1705,False
1706,True
1707,True
1708,True
1709,False
1710,False
1711,True
1712,True
1713,True
1714,True
1715,False
1716,True
1717,True
1718,True
1719,True
1720,True
1721,True
1722,True
1723,False
1724,True
1725,True
1726,False
1727,True
1728,True
1729,False
1730,True
1731,True
1732,True
1733,True
1734,True
1735,False
1736,True
1737,True
1738,True
1739,True
1740,True
1741,True
1742,False
1743,True
1744,False
1745,False
1746,False
1747,True
1748,True
1749,True
1750,True
1751,True
1752,True
1753,False
1754,True
1755,True
1756,True
1757,True
1758,True
1759,True
1760,True
1761,False
1762,True
1763,True
1764,False
1765,True
1766,True
1767,False
1768,True
1769,True
1770,True
1771,True
1772,True
1773,True
1774,True
1775,True
1776,True
1777,True
1778,False
1779,True
1780,False
1781,True
1782,True
1783,True
1784,True
1785,True
1786,True
1787,True
1788,False
1789,True
1790,True
1791,True
1792,True
1793,True
1794,True
1795,False
1796,True
1797,True
1798,False
1799,False
1800,False
1801,True
1802,True
1803,True
1804,True
1805,True
1806,True
1807,False
1808,True
1809,True
1810,True
1811,True
1812,True
1813,True
1814,True
1815,False
1816,True
1817,True
1818,True
1819,True
1820,True
1821,False
1822,True
1823,True
1824,True
1825,True
1826,True
1827,False
1828,True
1829,True
1830,False
1831,False
1832,True
1833,False
1834,True
1835,True
1836,True
1837,True
1838,False
1839,True
1840,True
1841,True
1842,False
1843,True
1844,True
1845,True
1846,False
1847,False
1848,True
1849,True
1850,True
1851,True
1852,True
1853,True
1854,True
1855,True
1856,True
1857,True
1858,True
1859,True
1860,True
1861,True
1862,True
1863,True
1864,True
1865,True
1866,True
1867,True
1868,True
1869,True
1870,True
1871,True
1872,True
1873,True
1874,True
1875,True
1876,True
1877,True
1878,False
1879,False
1880,True
1881,True
1882,True
1883,True
1884,False
1885,True
1886,True
1887,False
1888,True
1889,True
1890,False
1891,False
1892,True
1893,True
1894,True
1895,True
1896,True
1897,True
1898,False
1899,True
1900,True
1901,True
1902,False
1903,True
1904,False
1905,True
1906,False
1907,True
1908,True
1909,True
1910,False
1911,True
1912,True
1913,False
1914,True
1915,True
1916,True
1917,True
1918,True
1919,True
1920,True
1921,False
1922,False
1923,False
1924,False
1925,True
1926,True
1927,True
1928,True
1929,True
1930,True
1931,False
1932,True
1933,True
1934,True
1935,True
1936,False
1937,True
1938,True
1939,True
1940,True
1941,True
1942,True
1943,False
1944,True
1945,True
1946,True
1947,True
1948,True
1949,True
1950,True
1951,True
1952,True
1953,True
1954,True
1955,True
1956,False
1957,True
1958,True
1959,True
1960,True
1961,True
1962,False
1963,True
1964,False
1965,False
1966,True
1967,True
1968,True
1969,True
1970,True
1971,True
1972,True
1973,True
1974,False
1975,False
1976,False
1977,True
1978,True
1979,True
1980,True
1981,False
1982,True
1983,True
1984,True
1985,True
1986,True
1987,True
1988,False
1989,True
1990,True
1991,False
1992,True
1993,False
1994,True
1995,True
1996,False
1997,True
1998,False
1999,True
2000,True
2001,True
2002,True
2003,True
2004,False
2005,False
2006,False
2007,True
2008,False
2009,True
2010,True
2011,True
2012,True
2013,False
2014,True
2015,True
2016,False
2017,True
2018,True
2019,True
2020,True
2021,True
2022,True
2023,True
2024,True
2025,True
2026,False
2027,True
2028,True
2029,False
2030,True
2031,True
2032,False
2033,True
2034,True
2035,False
2036,True
2037,True
2038,True
2039,True
2040,True
2041,False
2042,False
2043,True
2044,True
2045,True
2046,True
2047,False
2048,False
2049,False
2050,False
2051,True
2052,True
2053,True
2054,True
2055,True
2056,True
2057,False
2058,True
2059,True
2060,True
2061,True
2062,False
2063,False
2064,True
2065,True
2066,True
2067,False
2068,True
2069,True
2070,False
2071,True
2072,True
2073,True
2074,True
2075,True
2076,False
2077,True
2078,True
2079,False
2080,True
2081,True
2082,True
2083,True
2084,False
2085,True
2086,True
2087,True
2088,True
2089,False
2090,True
2091,True
2092,True
2093,True
2094,False
2095,True
2096,True
2097,True
2098,True
2099,True
2100,True
2101,True
2102,True
2103,True
2104,True
2105,False
2106,False
2107,True
2108,True
2109,True
2110,True
2111,True
2112,True
2113,True
2114,True
2115,True
2116,True
2117,False
2118,False
2119,True
2120,True
2121,True
2122,False
2123,True
2124,True
2125,False
2126,True
2127,False
2128,True
2129,True
2130,True
2131,True
2132,True
2133,True
2134,True
2135,True
2136,True
2137,True
2138,False
2139,False
2140,True
2141,True
2142,True
2143,True
2144,True
2145,True
2146,True
2147,False
2148,True
2149,False
2150,True
2151,True
2152,True
2153,True
2154,True
2155,True
2156,True
2157,True
2158,True
2159,True
2160,True
2161,True
2162,True
2163,True
2164,False
2165,False
2166,True
2167,True
2168,True
2169,True
2170,True
2171,False
2172,True
2173,False
2174,True
2175,True
2176,True
2177,True
2178,True
2179,True
2180,True
2181,True
2182,True
2183,True
2184,True
2185,False
2186,True
2187,True
2188,True
2189,True
2190,True
2191,True
2192,True
2193,True
2194,True
2195,True
2196,True
2197,False
2198,True
2199,True
2200,True
2201,True
2202,True
2203,True
2204,False
2205,False
2206,True
2207,True
2208,False
2209,True
2210,True
2211,True
2212,True
2213,True
2214,True
2215,True
2216,False
2217,False
2218,False
2219,True
2220,False
2221,True
2222,True
2223,True
2224,False
2225,True
2226,False
2227,True
2228,True
2229,False
2230,True
2231,True
2232,True
2233,True
2234,False
2235,True
2236,True
2237,False
2238,True
2239,True
2240,True
2241,False
2242,True
2243,True
2244,True
2245,True
2246,False
2247,True
2248,True
2249,False
2250,False
2251,True
2252,True
2253,False
2254,True
2255,True
2256,True
2257,True
2258,True
2259,True
2260,True
2261,True
2262,True
2263,True
2264,True
2265,False
2266,True
2267,True
2268,False
2269,True
2270,True
2271,False
2272,True
2273,True
2274,True
2275,True
2276,True
2277,True
2278,True
2279,False
2280,False
2281,False
2282,False
2283,True
2284,True
2285,True
2286,False
2287,False
2288,False
2289,True
2290,True
2291,True
2292,True
2293,False
2294,False
2295,True
2296,True
2297,True
2298,False
2299,True
2300,True
2301,False
2302,True
2303,True
2304,True
2305,False
2306,True
2307,False
2308,True
2309,True
2310,False
2311,False
2312,True
2313,True
2314,True
2315,True
2316,False
2317,True
2318,False
2319,True
2320,True
2321,True
2322,True
2323,True
2324,True
2325,False
2326,True
2327,False
2328,True
2329,True
2330,True
2331,True
2332,True
2333,True
2334,True
2335,False
2336,True
2337,True
2338,False
2339,True
2340,False
2341,True
2342,True
2343,True
2344,True
2345,False
2346,True
2347,True
2348,True
2349,True
2350,True
2351,False
2352,True
2353,True
2354,True
2355,True
2356,True
2357,True
2358,True
2359,False
2360,True
2361,True
2362,True
2363,True
2364,True
2365,True
2366,False
2367,True
2368,True
2369,True
2370,True
2371,False
2372,True
2373,True
2374,True
2375,True
2376,True
2377,True
2378,True
2379,False
2380,True
2381,True
2382,False
2383,True
2384,True
2385,True
2386,True
2387,True
2388,False
2389,True
2390,True
2391,True
2392,True
2393,True
2394,False
2395,False
2396,True
2397,True
2398,True
2399,True
2400,True
2401,True
2402,True
2403,True
2404,False
2405,True
2406,True
2407,True
2408,True
2409,True
2410,True
2411,True
2412,True
2413,False
2414,True
2415,True
2416,False
2417,True
2418,False
2419,False
2420,True
2421,True
2422,True
2423,True
2424,False
2425,True
2426,True
2427,True
2428,True
2429,True
2430,True
2431,True
2432,True
2433,False
2434,True
2435,True
2436,True
2437,True
2438,False
2439,True
2440,True
2441,False
2442,True
2443,True
2444,True
2445,True
2446,True
2447,True
2448,True
2449,True
2450,True
2451,False
2452,False
2453,True
2454,True
2455,False
2456,True
2457,True
2458,True
2459,True
2460,True
2461,True
2462,True
2463,False
2464,True
2465,True
2466,True
2467,True
2468,True
2469,True
2470,True
2471,True
2472,True
2473,True
2474,False
2475,True
2476,True
2477,True
2478,True
2479,False
2480,True
2481,True
2482,True
2483,False
2484,True
2485,True
2486,True
2487,True
2488,False
2489,True
2490,False
2491,True
2492,True
2493,True
2494,True
2495,False
2496,True
2497,True
2498,True
2499,False
2500,False
2501,False
2502,False
2503,False
2504,False
2505,False
2506,False
2507,False
2508,False
2509,False
2510,False
2511,False
2512,False
2513,False
2514,False
2515,False
2516,False
2517,False
2518,False
2519,False
2520,False
2521,False
2522,False
2523,False
2524,True
2525,False
2526,False
2527,False
2528,False
2529,True
2530,False
2531,False
2532,False
2533,False
2534,False
2535,False
2536,False
2537,False
2538,False
2539,False
2540,True
2541,False
2542,False
2543,False
2544,False
2545,False
2546,False
2547,True
2548,False
2549,False
2550,False
2551,False
2552,False
2553,False
2554,True
2555,False
2556,False
2557,False
2558,False
2559,False
2560,True
2561,False
2562,False
2563,False
2564,False
2565,False
2566,True
2567,True
2568,False
2569,False
2570,True
2571,True
2572,True
2573,False
2574,False
2575,False
2576,False
2577,True
2578,False
2579,False
2580,False
2581,True
2582,True
2583,False
2584,False
2585,False
2586,False
2587,True
2588,False
2589,False
2590,False
2591,False
2592,True
2593,False
2594,False
2595,False
2596,False
2597,False
2598,False
2599,False
2600,False
2601,False
2602,False
2603,True
2604,False
2605,False
2606,False
2607,True
2608,False
2609,True
2610,False
2611,False
2612,False
2613,False
2614,False
2615,False
2616,False
2617,False
2618,False
2619,False
2620,False
2621,False
2622,False
2623,False
2624,False
2625,False
2626,False
2627,False
2628,False
2629,False
2630,False
2631,False
2632,False
2633,False
2634,False
2635,False
2636,False
2637,True
2638,False
2639,False
2640,False
2641,False
2642,False
2643,False
2644,False
2645,False
2646,False
2647,False
2648,False
2649,False
2650,False
2651,False
2652,False
2653,False
2654,False
2655,False
2656,False
2657,False
2658,False
2659,True
2660,True
2661,False
2662,False
2663,False
2664,False
2665,False
2666,False
2667,True
2668,False
2669,False
2670,False
2671,False
2672,False
2673,False
2674,False
2675,False
2676,False
2677,False
2678,False
2679,False
2680,False
2681,False
2682,False
2683,False
2684,False
2685,False
2686,False
2687,False
2688,False
2689,False
2690,False
2691,False
2692,False
2693,False
2694,True
2695,False
2696,False
2697,False
2698,False
2699,False
2700,True
2701,False
2702,False
2703,False
2704,False
2705,False
2706,False
2707,True
2708,False
2709,False
2710,False
2711,False
2712,True
2713,False
2714,False
2715,False
2716,True
2717,False
2718,True
2719,False
2720,False
2721,False
2722,False
2723,False
2724,False
2725,False
2726,False
2727,False
2728,False
2729,False
2730,False
2731,False
2732,False
2733,False
2734,False
2735,False
2736,False
2737,False
2738,False
2739,False
2740,False
2741,False
2742,False
2743,False
2744,False
2745,False
2746,False
2747,False
2748,False
2749,False
2750,False
2751,False
2752,False
2753,False
2754,False
2755,False
2756,False
2757,False
2758,False
2759,False
2760,False
2761,False
2762,False
2763,False
2764,True
2765,False
2766,False
2767,False
2768,False
2769,False
2770,False
2771,False
2772,False
2773,False
2774,False
2775,False
2776,True
2777,False
2778,False
2779,False
2780,True
2781,False
2782,False
2783,False
2784,False
2785,False
2786,False
2787,False
2788,False
2789,False
2790,False
2791,False
2792,False
2793,False
2794,True
2795,False
2796,False
2797,False
2798,False
2799,False
2800,False
2801,False
2802,False
2803,False
2804,False
2805,False
2806,False
2807,True
2808,False
2809,False
2810,False
2811,False
2812,False
2813,False
2814,False
2815,False
2816,False
2817,True
2818,False
2819,False
2820,False
2821,False
2822,False
2823,False
2824,False
2825,False
2826,False
2827,False
2828,False
2829,False
2830,False
2831,False
2832,False
2833,False
2834,False
2835,False
2836,False
2837,False
2838,False
2839,False
2840,False
2841,False
2842,False
2843,False
2844,False
2845,False
2846,False
2847,True
2848,False
2849,False
2850,False
2851,False
2852,False
2853,False
2854,False
2855,False
2856,False
2857,False
2858,False
2859,False
2860,False
2861,False
2862,False
2863,False
2864,False
2865,True
2866,False
2867,False
2868,False
2869,False
2870,False
2871,False
2872,False
2873,False
2874,False
2875,False
2876,False
2877,False
2878,False
2879,False
2880,False
2881,False
2882,False
2883,False
2884,False
2885,False
2886,False
2887,False
2888,False
2889,False
2890,False
2891,False
2892,False
2893,True
2894,False
2895,False
2896,True
2897,False
2898,False
2899,False
2900,False
2901,False
2902,False
2903,False
2904,False
2905,False
2906,False
2907,False
2908,False
2909,False
2910,False
2911,False
2912,False
2913,False
2914,False
2915,True
2916,False
2917,False
2918,False
2919,False
2920,False
2921,False
2922,False
2923,True
2924,False
2925,False
2926,False
2927,False
2928,False
2929,True
2930,False
2931,False
2932,False
2933,False
2934,True
2935,False
2936,False
2937,False
2938,False
2939,False
2940,False
2941,False
2942,False
2943,False
2944,False
2945,True
2946,False
2947,False
2948,False
2949,False
2950,False
2951,False
2952,False
2953,False
2954,False
2955,False
2956,False
2957,False
2958,False
2959,False
2960,False
2961,False
2962,False
2963,False
2964,False
2965,False
2966,False
2967,False
2968,False
2969,False
2970,False
2971,False
2972,False
2973,False
2974,False
2975,False
2976,True
2977,False
2978,False
2979,False
2980,False
2981,False
2982,False
2983,False
2984,False
2985,False
2986,False
2987,False
2988,False
2989,False
2990,False
2991,False
2992,False
2993,False
2994,False
2995,False
2996,True
2997,True
2998,True
2999,False
3000,False
3001,False
3002,False
3003,False
3004,False
3005,False
3006,False
3007,False
3008,False
3009,False
3010,False
3011,False
3012,True
3013,False
3014,False
3015,False
3016,False
3017,False
3018,False
3019,False
3020,False
3021,False
3022,False
3023,False
3024,False
3025,False
3026,False
3027,False
3028,False
3029,False
3030,False
3031,False
3032,False
3033,False
3034,False
3035,False
3036,False
3037,False
3038,False
3039,False
3040,False
3041,False
3042,False
3043,False
3044,True
3045,False
3046,False
3047,False
3048,False
3049,True
3050,False
3051,False
3052,False
3053,False
3054,False
3055,False
3056,False
3057,True
3058,True
3059,False
3060,False
3061,False
3062,False
3063,True
3064,False
3065,False
3066,False
3067,False
3068,False
3069,False
3070,False
3071,False
3072,True
3073,False
3074,False
3075,False
3076,False
3077,True
3078,False
3079,False
3080,True
3081,False
3082,False
3083,False
3084,False
3085,False
3086,False
3087,False
3088,False
3089,False
3090,False
3091,False
3092,False
3093,False
3094,False
3095,False
3096,False
3097,False
3098,False
3099,False
3100,False
3101,False
3102,False
3103,False
3104,False
3105,False
3106,False
3107,False
3108,False
3109,False
3110,False
3111,False
3112,False
3113,False
3114,False
3115,False
3116,False
3117,False
3118,False
3119,True
3120,False
3121,False
3122,False
3123,False
3124,False
3125,False
3126,False
3127,False
3128,True
3129,False
3130,False
3131,False
3132,True
3133,False
3134,True
3135,False
3136,False
3137,False
3138,False
3139,False
3140,False
3141,False
3142,False
3143,False
3144,False
3145,False
3146,False
3147,False
3148,False
3149,False
3150,False
3151,True
3152,False
3153,True
3154,False
3155,True
3156,False
3157,False
3158,False
3159,False
3160,False
3161,False
3162,False
3163,False
3164,False
3165,False
3166,False
3167,False
3168,True
3169,False
3170,True
3171,False
3172,False
3173,False
3174,False
3175,True
3176,False
3177,True
3178,False
3179,False
3180,False
3181,False
3182,False
3183,False
3184,False
3185,False
3186,False
3187,False
3188,False
3189,True
3190,False
3191,False
3192,False
3193,False
3194,False
3195,False
3196,False
3197,False
3198,False
3199,False
3200,False
3201,False
3202,False
3203,False
3204,False
3205,True
3206,False
3207,False
3208,False
3209,False
3210,False
3211,False
3212,False
3213,False
3214,False
3215,True
3216,False
3217,False
3218,False
3219,False
3220,False
3221,False
3222,False
3223,False
3224,False
3225,False
3226,False
3227,False
3228,False
3229,False
3230,False
3231,False
3232,False
3233,False
3234,True
3235,False
3236,False
3237,False
3238,False
3239,False
3240,False
3241,False
3242,False
3243,False
3244,False
3245,False
3246,True
3247,False
3248,False
3249,False
3250,False
3251,False
3252,False
3253,False
3254,False
3255,False
3256,False
3257,False
3258,False
3259,False
3260,True
3261,True
3262,False
3263,False
3264,False
3265,False
3266,False
3267,False
3268,True
3269,False
3270,False
3271,False
3272,False
3273,False
3274,False
3275,True
3276,False
3277,True
3278,False
3279,True
3280,False
3281,False
3282,False
3283,False
3284,True
3285,False
3286,False
3287,False
3288,False
3289,False
3290,False
3291,False
3292,False
3293,False
3294,False
3295,False
3296,False
3297,False
3298,False
3299,False
3300,False
3301,False
3302,False
3303,False
3304,True
3305,False
3306,True
3307,False
3308,False
3309,False
3310,False
3311,False
3312,False
3313,False
3314,False
3315,True
3316,False
3317,False
3318,False
3319,False
3320,False
3321,True
3322,False
3323,False
3324,False
3325,False
3326,False
3327,False
3328,False
3329,False
3330,False
3331,False
3332,False
3333,False
3334,False
3335,True
3336,False
3337,False
3338,True
3339,False
3340,False
3341,False
3342,False
3343,False
3344,False
3345,False
3346,False
3347,False
3348,False
3349,False
3350,False
3351,False
3352,True
3353,False
3354,False
3355,False
3356,False
3357,True
3358,False
3359,False
3360,False
3361,False
3362,True
3363,False
3364,False
3365,False
3366,False
3367,True
3368,False
3369,False
3370,False
3371,False
3372,False
3373,True
3374,False
3375,False
3376,False
3377,False
3378,False
3379,False
3380,False
3381,False
3382,False
3383,True
3384,True
3385,False
3386,True
3387,False
3388,True
3389,False
3390,False
3391,False
3392,False
3393,False
3394,False
3395,False
3396,False
3397,False
3398,False
3399,False
3400,False
3401,False
3402,False
3403,False
3404,False
3405,False
3406,False
3407,False
3408,False
3409,False
3410,False
3411,False
3412,True
3413,False
3414,False
3415,False
3416,False
3417,False
3418,False
3419,False
3420,False
3421,False
3422,False
3423,True
3424,True
3425,False
3426,False
3427,False
3428,True
3429,False
3430,False
3431,False
3432,False
3433,False
3434,False
3435,False
3436,False
3437,False
3438,False
3439,False
3440,False
3441,False
3442,False
3443,False
3444,False
3445,False
3446,False
3447,False
3448,False
3449,False
3450,True
3451,False
3452,True
3453,False
3454,False
3455,True
3456,False
3457,False
3458,False
3459,False
3460,False
3461,False
3462,False
3463,False
3464,False
3465,False
3466,False
3467,False
3468,True
3469,False
3470,False
3471,False
3472,False
3473,False
3474,True
3475,False
3476,False
3477,False
3478,False
3479,False
3480,False
3481,False
3482,False
3483,False
3484,False
3485,False
3486,False
3487,False
3488,False
3489,False
3490,True
3491,False
3492,False
3493,False
3494,False
3495,False
3496,False
3497,False
3498,False
3499,False
3500,True
3501,False
3502,False
3503,False
3504,False
3505,False
3506,False
3507,False
3508,False
3509,False
3510,False
3511,False
3512,False
3513,False
3514,False
3515,False
3516,False
3517,False
3518,False
3519,False
3520,False
3521,False
3522,False
3523,False
3524,False
3525,False
3526,False
3527,False
3528,False
3529,False
3530,False
3531,False
3532,False
3533,True
3534,False
3535,False
3536,False
3537,False
3538,False
3539,False
3540,False
3541,False
3542,False
3543,False
3544,False
3545,False
3546,True
3547,False
3548,False
3549,False
3550,False
3551,False
3552,False
3553,False
3554,False
3555,False
3556,False
3557,False
3558,False
3559,False
3560,False
3561,False
3562,True
3563,False
3564,True
3565,False
3566,True
3567,False
3568,False
3569,False
3570,False
3571,False
3572,False
3573,False
3574,False
3575,False
3576,False
3577,False
3578,False
3579,False
3580,False
3581,False
3582,False
3583,False
3584,True
3585,True
3586,False
3587,False
3588,False
3589,True
3590,False
3591,True
3592,False
3593,True
3594,False
3595,False
3596,False
3597,False
3598,False
3599,False
3600,False
3601,True
3602,True
3603,False
3604,False
3605,False
3606,False
3607,False
3608,False
3609,False
3610,False
3611,False
3612,False
3613,False
3614,False
3615,False
3616,True
3617,False
3618,False
3619,True
3620,True
3621,False
3622,False
3623,False
3624,False
3625,False
3626,False
3627,False
3628,False
3629,False
3630,True
3631,False
3632,True
3633,True
3634,False
3635,False
3636,True
3637,True
3638,False
3639,True
3640,False
3641,False
3642,False
3643,False
3644,False
3645,True
3646,False
3647,True
3648,True
3649,False
3650,False
3651,False
3652,True
3653,False
3654,True
3655,False
3656,False
3657,True
3658,False
3659,False
3660,True
3661,False
3662,False
3663,True
3664,False
3665,False
3666,False
3667,False
3668,False
3669,False
3670,False
3671,False
3672,False
3673,False
3674,True
3675,False
3676,False
3677,True
3678,True
3679,False
3680,False
3681,False
3682,False
3683,False
3684,False
3685,False
3686,False
3687,False
3688,False
3689,False
3690,True
3691,False
3692,False
3693,False
3694,False
3695,False
3696,False
3697,True
3698,False
3699,False
3700,False
3701,False
3702,False
3703,False
3704,False
3705,True
3706,False
3707,False
3708,False
3709,False
3710,True
3711,False
3712,False
3713,False
3714,False
3715,True
3716,False
3717,False
3718,False
3719,False
3720,False
3721,False
3722,False
3723,False
3724,True
3725,False
3726,False
3727,False
3728,True
3729,True
3730,False
3731,False
3732,False
3733,False
3734,False
3735,False
3736,False
3737,False
3738,False
3739,False
3740,False
3741,False
3742,False
3743,True
3744,False
3745,False
3746,False
3747,False
3748,True
3749,False
3750,False
3751,False
3752,False
3753,False
3754,True
3755,False
3756,False
3757,False
3758,False
3759,False
3760,False
3761,False
3762,False
3763,False
3764,False
3765,False
3766,False
3767,False
3768,True
3769,True
3770,False
3771,False
3772,False
3773,False
3774,False
3775,False
3776,False
3777,False
3778,False
3779,False
3780,False
3781,False
3782,False
3783,True
3784,False
3785,False
3786,False
3787,False
3788,False
3789,False
3790,False
3791,False
3792,False
3793,False
3794,False
3795,False
3796,False
3797,False
3798,False
3799,False
3800,False
3801,False
3802,False
3803,False
3804,False
3805,False
3806,False
3807,False
3808,False
3809,False
3810,False
3811,False
3812,True
3813,False
3814,False
3815,False
3816,False
3817,False
3818,True
3819,False
3820,False
3821,False
3822,False
3823,False
3824,False
3825,False
3826,True
3827,False
3828,False
3829,False
3830,False
3831,True
3832,False
3833,False
3834,False
3835,False
3836,False
3837,False
3838,False
3839,True
3840,False
3841,False
3842,False
3843,False
3844,False
3845,False
3846,False
3847,True
3848,True
3849,False
3850,False
3851,False
3852,False
3853,False
3854,False
3855,False
3856,False
3857,False
3858,False
3859,False
3860,False
3861,False
3862,False
3863,True
3864,False
3865,True
3866,False
3867,False
3868,False
3869,False
3870,False
3871,True
3872,False
3873,False
3874,False
3875,False
3876,False
3877,False
3878,True
3879,False
3880,False
3881,False
3882,False
3883,False
3884,False
3885,False
3886,False
3887,True
3888,False
3889,False
3890,False
3891,True
3892,False
3893,False
3894,False
3895,False
3896,False
3897,False
3898,False
3899,False
3900,False
3901,False
3902,False
3903,False
3904,False
3905,True
3906,False
3907,True
3908,False
3909,False
3910,False
3911,True
3912,True
3913,False
3914,False
3915,False
3916,False
3917,True
3918,False
3919,False
3920,False
3921,False
3922,False
3923,False
3924,True
3925,False
3926,False
3927,False
3928,False
3929,False
3930,False
3931,False
3932,False
3933,False
3934,False
3935,False
3936,False
3937,True
3938,False
3939,False
3940,True
3941,False
3942,False
3943,False
3944,True
3945,False
3946,False
3947,False
3948,False
3949,False
3950,False
3951,False
3952,False
3953,False
3954,False
3955,False
3956,False
3957,False
3958,True
3959,False
3960,False
3961,True
3962,False
3963,False
3964,False
3965,True
3966,False
3967,False
3968,True
3969,False
3970,True
3971,False
3972,False
3973,False
3974,False
3975,False
3976,False
3977,False
3978,True
3979,True
3980,True
3981,False
3982,False
3983,False
3984,False
3985,False
3986,True
3987,True
3988,False
3989,False
3990,False
3991,False
3992,False
3993,False
3994,False
3995,False
3996,False
3997,False
3998,False
3999,False
4000,False
4001,True
4002,False
4003,False
4004,True
4005,False
4006,False
4007,False
4008,True
4009,False
4010,False
4011,False
4012,False
4013,False
4014,False
4015,True
4016,False
4017,False
4018,False
4019,True
4020,False
4021,False
4022,False
4023,False
4024,False
4025,False
4026,True
4027,False
4028,False
4029,False
4030,True
4031,False
4032,False
4033,False
4034,False
4035,False
4036,False
4037,True
4038,False
4039,True
4040,False
4041,False
4042,False
4043,False
4044,True
4045,False
4046,False
4047,False
4048,False
4049,False
4050,True
4051,False
4052,False
4053,False
4054,False
4055,True
4056,True
4057,False
4058,True
4059,False
4060,False
4061,False
4062,False
4063,False
4064,False
4065,False
4066,False
4067,True
4068,False
4069,False
4070,False
4071,False
4072,False
4073,False
4074,False
4075,False
4076,False
4077,False
4078,False
4079,False
4080,False
4081,True
4082,False
4083,False
4084,True
4085,False
4086,False
4087,False
4088,False
4089,False
4090,False
4091,False
4092,False
4093,False
4094,False
4095,False
4096,False
4097,False
4098,False
4099,False
4100,False
4101,True
4102,False
4103,False
4104,True
4105,False
4106,False
4107,False
4108,False
4109,False
4110,True
4111,False
4112,False
4113,True
4114,False
4115,False
4116,False
4117,False
4118,False
4119,False
4120,True
4121,False
4122,False
4123,False
4124,False
4125,False
4126,False
4127,False
4128,False
4129,True
4130,True
4131,False
4132,False
4133,False
4134,False
4135,False
4136,False
4137,False
4138,False
4139,True
4140,False
4141,False
4142,False
4143,False
4144,False
4145,False
4146,True
4147,False
4148,False
4149,True
4150,False
4151,False
4152,False
4153,False
4154,False
4155,False
4156,False
4157,False
4158,False
4159,False
4160,False
4161,False
4162,False
4163,False
4164,False
4165,False
4166,True
4167,True
4168,False
4169,False
4170,True
4171,True
4172,True
4173,False
4174,False
4175,False
4176,False
4177,False
4178,False
4179,False
4180,False
4181,False
4182,False
4183,False
4184,False
4185,False
4186,False
4187,False
4188,True
4189,False
4190,True
4191,False
4192,False
4193,False
4194,False
4195,False
4196,False
4197,False
4198,False
4199,True
4200,False
4201,False
4202,True
4203,False
4204,False
4205,False
4206,False
4207,True
4208,False
4209,False
4210,True
4211,False
4212,False
4213,False
4214,True
4215,False
4216,False
4217,False
4218,False
4219,False
4220,False
4221,False
4222,True
4223,False
4224,False
4225,False
4226,False
4227,False
4228,False
4229,False
4230,False
4231,False
4232,True
4233,False
4234,False
4235,True
4236,False
4237,False
4238,False
4239,False
4240,False
4241,True
4242,False
4243,False
4244,False
4245,False
4246,False
4247,False
4248,False
4249,False
4250,False
4251,False
4252,False
4253,False
4254,True
4255,False
4256,False
4257,False
4258,False
4259,False
4260,False
4261,False
4262,False
4263,False
4264,False
4265,False
4266,True
4267,False
4268,True
4269,False
4270,False
4271,False
4272,False
4273,False
4274,False
4275,False
4276,False
4277,False
4278,True
4279,False
4280,True
4281,False
4282,False
4283,True
4284,False
4285,True
4286,False
4287,False
4288,False
4289,False
4290,False
4291,False
4292,False
4293,False
4294,False
4295,False
4296,False
4297,False
4298,False
4299,False
4300,False
4301,False
4302,False
4303,False
4304,True
4305,False
4306,True
4307,False
4308,False
4309,False
4310,False
4311,True
4312,False
4313,False
4314,False
4315,False
4316,True
4317,False
4318,False
4319,True
4320,False
4321,False
4322,True
4323,False
4324,False
4325,False
4326,False
4327,False
4328,False
4329,True
4330,False
4331,True
4332,False
4333,False
4334,True
4335,False
4336,False
4337,True
4338,False
4339,False
4340,True
4341,False
4342,False
4343,False
4344,True
4345,False
4346,False
4347,False
4348,False
4349,False
4350,False
4351,False
4352,False
4353,False
4354,True
4355,False
4356,False
4357,False
4358,False
4359,True
4360,True
4361,False
4362,True
4363,False
4364,False
4365,False
4366,False
4367,False
4368,False
4369,False
4370,False
4371,False
4372,False
4373,True
4374,False
4375,False
4376,False
4377,False
4378,False
4379,False
4380,False
4381,False
4382,False
4383,False
4384,False
4385,False
4386,True
4387,True
4388,False
4389,False
4390,False
4391,False
4392,False
4393,True
4394,True
4395,False
4396,False
4397,False
4398,False
4399,False
4400,False
4401,False
4402,False
4403,False
4404,False
4405,True
4406,False
4407,False
4408,False
4409,False
4410,False
4411,False
4412,False
4413,False
4414,False
4415,False
4416,False
4417,False
4418,False
4419,False
4420,True
4421,True
4422,False
4423,False
4424,False
4425,False
4426,False
4427,False
4428,True
4429,False
4430,True
4431,True
4432,False
4433,True
4434,False
4435,True
4436,False
4437,False
4438,False
4439,False
4440,True
4441,False
4442,False
4443,False
4444,False
4445,False
4446,False
4447,True
4448,False
4449,False
4450,False
4451,False
4452,False
4453,False
4454,False
4455,False
4456,False
4457,False
4458,False
4459,False
4460,False
4461,False
4462,False
4463,False
4464,True
4465,False
4466,False
4467,False
4468,True
4469,True
4470,True
4471,False
4472,False
4473,False
4474,False
4475,False
4476,True
4477,False
4478,False
4479,True
4480,False
4481,False
4482,False
4483,False
4484,False
4485,False
4486,False
4487,False
4488,False
4489,False
4490,False
4491,False
4492,True
4493,False
4494,True
4495,False
4496,False
4497,False
4498,False
4499,False
4500,False
4501,False
4502,False
4503,False
4504,False
4505,False
4506,False
4507,False
4508,False
4509,False
4510,False
4511,False
4512,False
4513,True
4514,False
4515,False
4516,False
4517,False
4518,False
4519,True
4520,False
4521,False
4522,True
4523,True
4524,False
4525,False
4526,True
4527,True
4528,False
4529,False
4530,False
4531,False
4532,False
4533,False
4534,False
4535,False
4536,False
4537,False
4538,False
4539,True
4540,False
4541,False
4542,False
4543,False
4544,True
4545,False
4546,True
4547,False
4548,False
4549,False
4550,False
4551,False
4552,False
4553,False
4554,True
4555,False
4556,False
4557,False
4558,False
4559,False
4560,False
4561,False
4562,False
4563,True
4564,False
4565,False
4566,False
4567,False
4568,False
4569,False
4570,False
4571,False
4572,False
4573,False
4574,False
4575,True
4576,False
4577,False
4578,False
4579,True
4580,True
4581,False
4582,False
4583,False
4584,True
4585,True
4586,False
4587,False
4588,False
4589,False
4590,True
4591,False
4592,False
4593,True
4594,True
4595,False
4596,True
4597,False
4598,False
4599,False
4600,False
4601,False
4602,False
4603,False
4604,False
4605,False
4606,False
4607,False
4608,False
4609,True
4610,False
4611,False
4612,False
4613,False
4614,False
4615,False
4616,False
4617,False
4618,False
4619,True
4620,False
4621,False
4622,True
4623,False
4624,False
4625,False
4626,False
4627,True
4628,False
4629,False
4630,False
4631,False
4632,False
4633,False
4634,False
4635,False
4636,True
4637,False
4638,True
4639,False
4640,False
4641,True
4642,True
4643,False
4644,True
4645,False
4646,False
4647,False
4648,True
4649,False
4650,False
4651,True
4652,False
4653,False
4654,True
4655,False
4656,False
4657,False
4658,True
4659,True
4660,False
4661,False
4662,False
4663,True
4664,False
4665,False
4666,False
4667,True
4668,False
4669,False
4670,False
4671,True
4672,False
4673,False
4674,True
4675,False
4676,True
4677,False
4678,False
4679,False
4680,False
4681,True
4682,False
4683,False
4684,False
4685,False
4686,False
4687,True
4688,False
4689,False
4690,False
4691,False
4692,False
4693,False
4694,False
4695,False
4696,False
4697,False
4698,False
4699,False
4700,False
4701,True
4702,True
4703,False
4704,True
4705,False
4706,False
4707,True
4708,False
4709,False
4710,False
4711,False
4712,False
4713,True
4714,False
4715,True
4716,False
4717,False
4718,False
4719,False
4720,False
4721,False
4722,True
4723,False
4724,True
4725,False
4726,False
4727,True
4728,False
4729,False
4730,False
4731,False
4732,False
4733,False
4734,False
4735,False
4736,False
4737,False
4738,True
4739,True
4740,False
4741,False
4742,True
4743,False
4744,False
4745,False
4746,False
4747,False
4748,False
4749,True
4750,True
4751,True
4752,False
4753,True
4754,False
4755,True
4756,False
4757,False
4758,False
4759,False
4760,False
4761,False
4762,False
4763,True
4764,False
4765,False
4766,False
4767,True
4768,False
4769,False
4770,False
4771,False
4772,False
4773,False
4774,False
4775,False
4776,False
4777,False
4778,False
4779,False
4780,False
4781,True
4782,False
4783,True
4784,False
4785,True
4786,False
4787,False
4788,False
4789,True
4790,True
4791,False
4792,False
4793,False
4794,False
4795,False
4796,False
4797,False
4798,True
4799,False
4800,False
4801,False
4802,False
4803,True
4804,False
4805,False
4806,False
4807,False
4808,False
4809,False
4810,False
4811,True
4812,True
4813,False
4814,False
4815,True
4816,False
4817,False
4818,False
4819,False
4820,False
4821,False
4822,False
4823,True
4824,True
4825,True
4826,False
4827,True
4828,False
4829,False
4830,False
4831,False
4832,False
4833,True
4834,False
4835,False
4836,False
4837,False
4838,False
4839,False
4840,False
4841,True
4842,False
4843,True
4844,False
4845,False
4846,False
4847,False
4848,True
4849,True
4850,False
4851,True
4852,False
4853,False
4854,False
4855,True
4856,False
4857,False
4858,False
4859,False
4860,False
4861,False
4862,True
4863,False
4864,True
4865,False
4866,False
4867,False
4868,False
4869,False
4870,False
4871,True
4872,True
4873,True
4874,False
4875,False
4876,False
4877,False
4878,False
4879,False
4880,False
4881,False
4882,True
4883,False
4884,False
4885,False
4886,False
4887,False
4888,False
4889,False
4890,False
4891,False
4892,False
4893,False
4894,False
4895,False
4896,True
4897,True
4898,False
4899,True
4900,False
4901,False
4902,False
4903,False
4904,False
4905,False
4906,False
4907,False
4908,False
4909,False
4910,False
4911,False
4912,True
4913,False
4914,False
4915,False
4916,True
4917,False
4918,False
4919,True
4920,True
4921,True
4922,False
4923,False
4924,False
4925,False
4926,False
4927,False
4928,False
4929,False
4930,False
4931,False
4932,False
4933,False
4934,False
4935,False
4936,False
4937,False
4938,True
4939,False
4940,True
4941,True
4942,False
4943,False
4944,False
4945,False
4946,False
4947,False
4948,False
4949,False
4950,False
4951,False
4952,False
4953,True
4954,False
4955,False
4956,True
4957,False
4958,False
4959,False
4960,True
4961,False
4962,False
4963,False
4964,False
4965,False
4966,False
4967,False
4968,True
4969,False
4970,True
4971,True
4972,False
4973,False
4974,False
4975,False
4976,False
4977,False
4978,True
4979,False
4980,False
4981,False
4982,False
4983,False
4984,False
4985,False
4986,True
4987,False
4988,False
4989,False
4990,False
4991,True
4992,False
4993,True
4994,False
4995,False
4996,False
4997,False
4998,False
4999,False
